name,url,username,password,note
192.168.10.254,https://192.168.10.254/loginpages/login.shtml,5DGB,P9RB597W,
192.168.10.254,https://192.168.10.254/loginpages/login.shtml,679S,CNBPK6F3,
192.168.10.254,https://192.168.10.254/loginpages/login.shtml,BD8T,F9FNBR9W,
5szwzcxsk7.skywork.website,https://5szwzcxsk7.skywork.website/?silent_download=true,mohamedaminradyofficial@hotmail.com,XMGiAxFz&?cKMG94,
UI.otlob,android://-1VoD9sMpJioqU933AIpdiBcmQPhGmUhOUQ7Qhrdo1oepSu279_i1NNv-NRcwwqu4quH93hpydZ9l1vYpircAA==@otlob.UI/,menot_for_hire@hotmail.com,amrandmohamed1980,
abacus.ai,https://abacus.ai/app/signin,menot_for_hire@hotmail.com,5F7TTzD3ECz##Gst,
account.alibabacloud.com,https://account.alibabacloud.com/login/login.htm,clockworktemptation@gmail.com,Fpa7%fQ!m48VtH8,
account.alibabacloud.com,https://account.alibabacloud.com/register/intl_register.htm?spm=a3c0i.29328889.6791778070.50.76772d2fbt5tGF&oauth_callback=https%3A%2F%2Fwww.alibabacloud.com%2Fen%2Fproduct%2Fmodelstudio%3F_p_lc%3D1%23J_9325669630&,m7mdamienrady@gmail.com,P7!i3Cd@zTr9q#qj,
account.deezer.com,https://account.deezer.com/en/signup/?redirect_uri=https%3A%2F%2Fwww.deezer.com%2Fen%2Falbum%2F586474552,mohamedaminradyofficial@hotmail.com,M7E8Dg@7cdTL45!9,
account.eventival.com,https://account.eventival.com/auth/realms/Eventival/login-actions/required-action?execution=UPDATE_PASSWORD&client_id=ev-visitorpage&tab_id=2eEVsgQ8SXo,mohamedaminradyofficial@hotmail.com,HB6oo3p?JxN9gDTT,
account.hotspotshield.com,https://account.hotspotshield.com/sign-in/,m7mdamienrady@hotmail.com,amramin1980,
account.jetbrains.com,https://account.jetbrains.com/login?authSessionId=a99dde83-f8f6-4287-9044-8c86c91d052d&email=mohamedaminradyofficial%40hotmail.com,mohamedaminradyofficial@hotmail.com,GmbSo?PC63G&!g8s,
account.jetbrains.com,https://account.jetbrains.com/oauth/login/sign-up,Rady,bZ$i;;=8q@2m&7@,
account.live.com,https://account.live.com/ResetPassword.aspx,m7mdamienrady@hotmail.com,**meme987654A,
account.live.com,https://account.live.com/ResetPassword.aspx?wreply=https://login.live.com/login.srf%3fwa%3dwsignin1.0%26rpsnv%3d13%26ct%3d1661544503%26rver%3d7.0.6737.0%26wp%3dMBI_SSL%26wreply%3dhttps%253a%252f%252foutlook.live.com%252fowa%252f%253fRpsCsrfState%253d0fdd10dd-e034-993f-3718-ed1ec6d5a02e%2526wa%253dwsignin1.0%2526nlp%253d1%26id%3d292841%26aadredir%3d1%26CBCXT%3dout%26lw%3d1%26fl%3ddob%252cflname%252cwld%26cobrandid%3d90015%26uaid%3dac4704dcfc834829a377e4da895f0657%26pid%3d0%26contextid%3d35D6D328C9BF66E9%26bk%3d1661544773&id=292841&uiflavor=web&cobrandid=90015&uaid=ac4704dcfc834829a377e4da895f0657&mkt=EN-GB&lc=2057&bk=1661544773&mn=mohamedaminradyofficial%40hotmail.com,mohamedaminradyofficial@hotmail.com,coexmeme8097A,
account.mindonmap.com,https://account.mindonmap.com/connect-account/,mohamedaminradyofficial@hotmail.com,956!J3CTda#fXm@m,
account.mycommerce.com,https://account.mycommerce.com/Account/ResetPassword?userId=SHOPPER%2FM7MDAMIENRADY@GMAIL.COM&code=CfDJ8FMMDntgtxZHleKY%2BeM%2BzTIfH0rBFd4707esTqaZOW%2BRv%2BuR22poZr8mWy1yEuZn3WLoqPmjHSvWY6J%2FlGuUyGJA6KqsRG6ChHl6BixXntGdTmV7pPjL6v2KGp6nnMdZwwzBww3YpvQsHgHnihF8oBzmVL9zogHU%2Bk%2BJ4yysl2Vy,m7mdamienrady@gmail.com,y3aj4P9T6?EyTzft,
account.skrill.com,https://account.skrill.com/wallet/account/sign-up,mohamedaminradyofficial@hotmail.com,cuDgo6sozmowwejfex,
account.toonboom.com,https://account.toonboom.com/signup?uval=https://shop.toonboom.com/en/products/harmony-essentials/try&_gl=1*oxd89u*_ga*MTU3OTA0NDIyMy4xNjk2NDI4OTUy*_ga_LGVZJCF0MR*MTY5NjQzMDc5NC4yLjEuMTY5NjQzMDgxNi4wLjAuMA..,mohamedaminradyofficial@hotmail.com,6$N#Xd3snCoMksTD,
account.wire.com,https://account.wire.com/reset/,,**cocododo8097A,
accounts.dabblewriter.com,https://accounts.dabblewriter.com/auth/signup,aminiofradyshiof@yahoo.com,9#m6Ym?Gyz?8yC3Y,
accounts.dabblewriter.com,https://accounts.dabblewriter.com/auth/signup,m7mdamienrady@gmail.com,Ja$QQ#$87&4YXkBj,
accounts.google.com,https://accounts.google.com/ServiceLogin,m7mdamienrady@gmail.com,**meme987654,
accounts.google.com,https://accounts.google.com/ServiceLogin/identifier,clockworktemptation@gmail.com,!pf?YRrsocB6$Ncy,
accounts.google.com,https://accounts.google.com/lifecycle/steps/signup/password?TL=AArrULTmKvvfEtkU7hlfy9uLUrn0hhDxdS55DlltE5qjcmlu2U0Ib8C-xOBh5JWg&authuser=0&continue=https%3A%2F%2Fmail.google.com%2Fmail%2F&dsh=S-335474467%3A1747182330306094&ec=GAlAFw&flowEntry=SignUp&flowName=GlifWebSignIn&hl=en-GB&service=mail,mohamedaminradyofficial@gmail.com,Bohk#bc9a4zs!zxC,
accounts.google.com,https://accounts.google.com/signin/v2/challenge/pwd,m7mdamienrady@gmail.com,**memeola8097AA,
accounts.google.com,https://accounts.google.com/signin/v2/sl/pwd,m7mdamienrady@gmail.com,**meme987654,
accounts.snapchat.com,https://accounts.snapchat.com/accounts/v2/signup,m7mdamienrady@gmail.com,**meme8097A,
accounts.spotify.com,https://accounts.spotify.com/en/login,clockworktemptation@gmail.com,lastdayst7t,
accounts.spotify.com,https://accounts.spotify.com/en/password-reset/complete?flow_id=badab084-f077-499a-8fa0-cd83926d7a6b:1721648745#kZ3SZ9wDR5qx5DZC6qJhgg,menot_for_hire@hotmail.com,csrY&#YNbN$3GMez3,
accounts.vyro.ai,https://accounts.vyro.ai/auth/sign-up?redirect=https%3A%2F%2Fwww.imagine.art%2Fstripe-redirect%3FpriceId%3Dprice_1QKxBeJsAnCtMqN2I9nT7Lgk%26quantity%3D1%26product%3Dimagine%26showAuth%3Dtrue%26redirect%3Dhttps%253A%252F%252Fwww.imagine.art%252Fstripe-redirect%253FpriceId%253Dprice_1QKxBeJsAnCtMqN2I9nT7Lgk%2526quantity%253D1%2526product%253Dimagine%26product%3Dimagine&product=imagine&email=mohamedaminradyofficial%40hotmail.com&isSubscribed=true,mohamedaminradyofficial@hotmail.com,PAA&pf#Bj?5et8Aq,
accounts.wondershare.com,https://accounts.wondershare.com/web/register-new?email=aminofradiof%40gmail.com&account_type=2,aminofradiof@gmail.com,iY#JzDTb93tzrryH,
accounts2.tplinkcloud.com,https://accounts2.tplinkcloud.com/reset/v1,m7mdamienrady@gmail.com,mkmk80@L,
ai-writer.com,https://ai-writer.com/,mohamedaminradyofficial@hotmail.com,tbS&yMc#3Yyad9rK,
ai.easeus.com,https://ai.easeus.com/,m7mdamienrady@gmail.com,h9pC46Q!jQ!!SGpG,
aimlapi.com,https://aimlapi.com/app/sign-up/,mohamedaminradyofficial@hotmail.com,QQzz?TC8n&EyXtg$,
aiscriptreader.com,https://aiscriptreader.com/register,mohamedaminradyofficial@hotmail.com,4fCq!!zH8xK5sAih,
aithorauth.fusionauth.io,https://aithorauth.fusionauth.io/oauth2/register?tenantId=916556b8-1126-4540-8e4f-abc186332440&client_id=49037312-0365-4d77-8b82-44ee8c0a8ebd&nonce=&pendingIdPLinkId=&redirect_uri=https%3A%2F%2Faithor.com%2Fapi%2Fauth%2Fcallback%2Ffusionauth&response_mode=&response_type=code&scope=openid%20offline_access%20email%20profile&state=99Y0Koe8G3wwZL95vMY_Sv1qibkNWQIizrrtdRouYB4&timezone=Africa%2FCairo&metaData.device.name=Windows%20Chrome&metaData.device.type=BROWSER&code_challenge=RHyJIFXUzR3iwSw0VENa1sgkylqGBPQNqXxoJXhKfoM&code_challenge_method=S256&user_code=,mohamedaminradyofficial@hotmail.com,3S$Hkq#HBe?t65!E,
android.grindrapp.com,android://wlYWTSRT83XqYF4Bz7x-RdqtKZh5z-8cO6PB9eQlvztppU3PX1p9LsLjC0Bp3OztMWAJPyJdStfbyZgLQVGBXQ==@com.grindrapp.android/,menot_for_hire@hotmail.com,7m9b!y4mmK7bC@oy,
android.grindrapp.com,android://wlYWTSRT83XqYF4Bz7x-RdqtKZh5z-8cO6PB9eQlvztppU3PX1p9LsLjC0Bp3OztMWAJPyJdStfbyZgLQVGBXQ==@com.grindrapp.android/,mohamedaminradyofficial@hotmail.com,8qe$JSh573KqN5DL,
android.instagram.com,android://qbMQCZh-CU_SBn04UFat_bLMSicoFKWYI0MzXmOdBklD5gJcvH42kD8GXA5lvZmtq1ON0Dd8FAT6SLUIlwNUqA==@com.instagram.android/,mohamedaminradyofficial,bFF8$8fbyE$pArRo,
android.twitter.com,android://u0A-O7Ivuokjnqmf1ciagyiwkxqsLSrXA9ZzyIb4yGEVu5tPRfhJbn8REHGmDAUkUCGf71TqwUcwSfwFObRssA==@com.twitter.android/,amienrady,jC&C&nrR7DM7M@9o,
androidapp.toloka.yandex.com,android://V1Z-Lc47LNiXX6-rL5aAed7Hp0gOzuEJox2rAGdoTfHVuZuxs6K3CfG4EOadON3p9Lp6e-aRAq3D0mJyn9ka-A==@com.yandex.toloka.androidapp/,radymoham,**meme8097A,
api-dashboard.search.brave.com,https://api-dashboard.search.brave.com/register,mohamedaminradyofficial@hotmail.com,@dSCqFjyHB?&kDp9,
app.android.deezer,android://PjdbZEmGHML-m9vyWCmLIBOf0trROQG9CwFP-gm5pWZ023muLf0qmGSdRUTZeHJ0DLTHie5gF5RYnc-6x8aZMA==@deezer.android.app/,m7mdamienrady@gmail.com,amraminrady1980,
app.commercialpay.visa.com,https://app.commercialpay.visa.com//Default.aspx,m7mdamienrady@gmail.com,**meme8097A,
app.dashlane.com,https://app.dashlane.com/login,,**meme8097A,
app.dashlane.com,https://app.dashlane.com/login,m7mdamienrady@gmail.com,**meme8097,
app.docker.com,https://app.docker.com/signup?auth_parameters=audience%3Dhttps%253A%252F%252Fhub.docker.com%26client_id%3DEuDxIQ7g0c9D75lvatTuvsT5V5BAjvwv%26code_challenge%3DlkgROZNDuAdULClimkJIqFCkMDRgwJFbz92uEHHxS5I%26code_challenge_method%3DS256%26redirect_uri%3Dhttps%253A%252F%252Fhub.docker.com%252Fauth%252Fdesktop%252Fredirect%26response_type%3Dcode%26scope%3Dopenid%2Bprofile%2Boffline_access%26state%3DQ3yYMswFsg3oU_kG7WtuOXRPF1MzSAbgsrOKTJqo4Es,aminofradiof@gmail.com,9idpL!#oRCzCb&&4,
app.elai.io,https://app.elai.io/signup,m7mdamienrady@gmail.com,Jh9mP&Qxcr7@fb4#,
app.n8n.cloud,https://app.n8n.cloud/,Mohamed amin rady,8#rMA@H6x&GS@e7&,
app.n8n.cloud,https://app.n8n.cloud/register,m7mdamienrady@gmail.com,8#rMA@H6x&GS@e7&,
app.n8n.cloud,https://app.n8n.cloud/register,mohamedaminradyofficial@gmail.com,cp4!nAHi?C!AeNEc,
app.netlify.com,https://app.netlify.com/,mohamedaminradyofficial@hotmail.com,!9fKAyRe4rG$9qXk,
app.onethread.app,https://app.onethread.app/user-info?email=mohamedaminradyofficial@hotmail.com&token=b436148bb70747da799c7e6e01708285b09f5945081948962543671b33865ab6,mohamedaminradyofficial@hotmail.com,&?$TgKeL9R7?8b3Y,
app.postqode.ai,https://app.postqode.ai/signup,m7mdamienrady@gmail.com,JxP$@?$pM!TXM4Kj,
app.relace.ai,https://app.relace.ai/sign-up,sinsweatpants@hotmail.com,eP3B6K!&EF@cHfLA,
app.relevanceai.com,https://app.relevanceai.com/auth,mohamedaminradyofficial@hotmail.com,La&@bhptpk8zfHL4,
app.rivetai.com,https://app.rivetai.com/,mohamedaminradyofficial@hotmail.com,LT9H?K63z5N!Eq#T,
app.runwayml.com,https://app.runwayml.com/reset-password?code=282053c3-f1c8-4da4-ae80-d4ea9405f998,menot_for_hire@hotmail.com,bgo8YETP!6kFN4di,
app.rytr.me,https://app.rytr.me/,mohamedaminradyofficial@hotmail.com,di5BB?9xrg5xX9Hi,
app.screenwriting.ai,https://app.screenwriting.ai/register,menot_for_hire@hotmail.com,T#Ja9DCjfd5@Y67f,
app.screenwriting.ai,https://app.screenwriting.ai/register,mohamedaminradyofficial@hotmail.com,DBesS!d&L@nACA8&,
app.simplified.com,https://app.simplified.com/signup?redirect=/ai-writer/freestyle,mohamedaminradyofficial@hotmail.com,ej4$xhCdf5zHTRAb,
app.stealthwriter.ai,https://app.stealthwriter.ai/auth/signup,mohamedaminradyofficial@hotmail.com,d7KzsQC#BFR8fC8d,
app.studiobinder.com,https://app.studiobinder.com/register,mohamedaminradyofficial@hotmail.com,f#izGsFm6CJnEtL5,
app.tavily.com,https://app.tavily.com/home,,D8#NSqz5Gsy#zoKS,
app.thestorygraph.com,https://app.thestorygraph.com/users/sign_up,mohamedaminradyofficial@hotmail.com,c!e$w84PVBwvH!P,
app.transifex.com,https://app.transifex.com/signup/open-source/,mohamedaminradyofficial@hotmail.com,6HaiTfd5#cTRcpfg,
app.trymata.com,https://app.trymata.com/tester/signup,mohamedaminradyofficial@hotmail.com,BHnA4f4Np4yAMi?E,
app.zencoder.com,https://app.zencoder.com/signup,m7mdamienrady@gmail.com,p4a?n9kmi?imB3Q!,
apple.com,https://apple.com/,m7mdamienrady@gmail.com,$$6xjSmAL$K&N5!n,
apple.com,https://apple.com/,mohamedaminradyofficial@hotmail.com,y?KofbbtCqnSTDC9,
appleid.apple.com,https://appleid.apple.com/auth/authorize,m7mdamienrady@gmail.com,5Xz6gYLjeEeeDji&,
apps.abacus.ai,https://apps.abacus.ai/,menot_for_hire@hotmail.com,5F7TTzD3ECz##Gst,
apps.abacus.ai,https://apps.abacus.ai/chatllm/signin/?token=JXWNJdGDMD&isSignUp=1,mohamedaminradyofficial@hotmail.com,8#rMA@H6x&GS@e7&,
aqarmap.com.eg,https://aqarmap.com.eg/ar/login,mohamedaminradyofficial@hotmail.com,01000008097A,
arabcomics.net,https://arabcomics.net/phpbb3/ucp.php,m7mdamienrady@gmail.com,438&gH!&S5j@trdC,
arabia.starzplay.com,https://arabia.starzplay.com/,,amrandmohamed1980,
argenteutilities.com,https://argenteutilities.com/,UGS.16230176@eng.suez.edu.eg,JyLDi@#&xpDh5&M4,
audiio.com,https://audiio.com/account/signup,m7mdamienrady@gmail.com,86cjRner!N!f?HYo,
auth.agent.kombai.com,https://auth.agent.kombai.com/en/login?rt=aHR0cHM6Ly9hZ2VudC5rb21iYWkuY29tL3ZzY29kZS1jb25uZWN0P3JlZGlyZWN0VXJpPXZzY29kZTovL2tvbWJhaS5rb21iYWkvYXV0aC1jYWxsYmFjayZjb2RlPVVGbEpZVGxrYVZwR1FtSk1hRWsyV2c9PSZmcm9tPXZzY29kZSZ0eXBlPWFnZW50,milksheet@protonmail.com,@ByqLnD&nJBL9sEX,
auth.arabic-gpt.ai,https://auth.arabic-gpt.ai/realms/IIAI_CHAT/login-actions/registration?client_id=4kcbas7ohjr2c9qg3ze5dp1ni8tmvfwx&tab_id=naR5Y7ofb5k,mohamedaminradyofficial@hotmail.com,SN@aq7DC&A9NS6KS,
auth.askyourpdf.com,https://auth.askyourpdf.com/register,m7mdamienrady@hotmail.com,@TK6P&LH3$7AoG73,
auth.continue.dev,https://auth.continue.dev/,menot_for_hire@hotmail.com,pJhfaJ9Tt97&?Tb&,
auth.continue.dev,https://auth.continue.dev/password,sinsweatpants@hotmail.com,m@r33RJ86Xf4C$BQ,
auth.continue.dev,https://auth.continue.dev/sign-up/password,clockworktemptation@hotmail.com,o#Nnoedsa8e!#T76,
auth.continue.dev,https://auth.continue.dev/sign-up?client_id=client_01J0FW6XN8N2XJAECF7NE0Y65J&redirect_uri=https%3A%2F%2Fhub.continue.dev%2Fcallback&response_type=code&authorization_session_id=01JSHWC0JN8RT64T0HDKYQ1THJ,mohamedaminradyofficial@hotmail.com,$6iGzs?Tx5sC#Yn7,
auth.continue.dev,https://auth.continue.dev/sign-up?redirect_uri=https%3A%2F%2Fhub.continue.dev%2Fcallback&authorization_session_id=01JYFZXG9KFQHEWQGJPMJHH4YK,aminiofradyshiof@yahoo.com,Ys?D$tri8gQRQ4Pa,
auth.continue.dev,https://auth.continue.dev/sign-up?redirect_uri=https%3A%2F%2Fhub.continue.dev%2Fcallback&authorization_session_id=01K1CHMH6QYFKPWYAQMVKQG74W,likelix170@balincs.com,!xo7J9TAGp!CN$yE,
auth.continue.dev,https://auth.continue.dev/sign-up?redirect_uri=https%3A%2F%2Fhub.continue.dev%2Fcallback&email=m7mdamienrady%40gmail.com&first_name=mohamed&last_name=rady&authorization_session_id=01JT3DZ9DC8GGJY7X76DKKYKV5,m7mdamienrady@hotmail.com,?Jfr8jBQKnM8SHEy,
auth.edraak.org,https://auth.edraak.org/password_reset_confirm/46qme-set-password/,m7mdamienrady@gmail.com,DDJyk8TSK8DiN9?$,
auth.mistral.ai,https://auth.mistral.ai/,,tdTg4NXaEnzP?s#F,
auth.mistral.ai,https://auth.mistral.ai/ui/registration?flow=38c1c20f-615f-4679-9bcf-eaa515467400,mohamedaminradyofficial@hotmail.com,tdTg4NXaEnzP?s#F,
auth.mistral.ai,https://auth.mistral.ai/ui/registration?flow=becff5d6-6b94-47b9-8cca-bbb3642d5c8d,sinsweatpants@hotmail.com,MP8HJCGM4f8@@kff,
auth.openai.com,https://auth.openai.com/authorize?issuer=auth0.openai.com&client_id=DRivsnm2Mu42T3KOpqdtwB3NYviHYzwD&audience=https%3A%2F%2Fapi.openai.com%2Fv1&redirect_uri=https%3A%2F%2Fplatform.openai.com%2Fauth%2Fcallback&scope=openid+profile+email+offline_access&response_type=code&response_mode=query&state=UE1iUWhnLnF0Q1U1LjNxODhkRENFeG9FTX52Z3ViaTJUcFpZYnFadmpWTQ%3D%3D&nonce=N0xTSDB4MjJEWC5wQUZqZ3VETkZnTnVaUVNJU1NBLnNQZzdTLXAwN3BGTA%3D%3D&code_challenge=v-UbJs7aRBRIt721vgGi7oOpOjQTFpsCrZqJKCj17GY&code_challenge_method=S256&auth0Client=eyJuYW1lIjoiYXV0aDAtc3BhLWpzIiwidmVyc2lvbiI6IjEuMjEuMCJ9&flow=control,uqopegeq@gmail.com,Ade93awT2aRB,
auth.openai.com,https://auth.openai.com/create-account,aminiofradyshiof@yahoo.com,c9dt56bf5k?#eQqB,
auth.openai.com,https://auth.openai.com/log-in/password,mohamedaminradyofficial@hotmail.com,?GreG8f7Ek#DXi@M,
auth.scribd.com,https://auth.scribd.com/u/signup?state=hKFo2SA0QmFrTldGcmZ5Xy11cEIzVXdQdFVGcGt4TGYtLXY4aKFur3VuaXZlcnNhbC1sb2dpbqN0aWTZIElxNVdtSTNqTlJWM0cwZW5OMHZNQjlsdDdNcmFtX0hDo2NpZNkgZ3ljN3lyZnpzdkpmaXd5bHNlYXU4Y3g5dVZhb2FOU1A&ui_locales=en,mohamedaminradyofficial@hotmail.com,s3tf#ayfrAEfDJDb,
auth.scribd.com,https://auth.scribd.com/u/signup?state=hKFo2SA0VXZoM19sai10VTdpZVJqTGlwOE5VUUtidkFBWnRtM6Fur3VuaXZlcnNhbC1sb2dpbqN0aWTZIFdfRTNWZzBMek5mbl9qZW5CcWhqdW1DT1BwMkRnWWNLo2NpZNkgZ3ljN3lyZnpzdkpmaXd5bHNlYXU4Y3g5dVZhb2FOU1A&ui_locales=en,loxofo2536@jxbav.com,Xm6ESMj$bJ$M@TaY,
auth.scribd.com,https://auth.scribd.com/u/signup?state=hKFo2SBSQXF6YUVzSGlBU2E1RnNqUGlsNExrNFdVekhOYjdCOKFur3VuaXZlcnNhbC1sb2dpbqN0aWTZIFVaU2RuRGZ6NGpKTGVELUJHRGxvSUgzMzA5ck9zOC1jo2NpZNkgZ3ljN3lyZnpzdkpmaXd5bHNlYXU4Y3g5dVZhb2FOU1A&ui_locales=en,besoko5400@fixwap.com,oAC8oBon&n33Gjyj,
auth.services.adobe.com,https://auth.services.adobe.com/,mohamedaminradyofficial@hotmail.com,K3mKMEt8&hQrN!Ds,
auth.services.adobe.com,https://auth.services.adobe.com/en_US/deeplink.html?deeplink=signup&callback=https%3A%2F%2Fims-na1.adobelogin.com%2Fims%2Fadobeid%2Fadobedotcom2%2FAdobeID%2Fcode%3Fredirect_uri%3Dhttps%253A%252F%252Fwww.adobe.com%252F%26code_challenge_method%3Dplain%26use_ms_for_expiry%3Dtrue&client_id=adobedotcom2&scope=AdobeID&relay=04b104a3-1c91-498c-b492-88bf87aca545&locale=en_US&flow_type=code&idp_flow_type=create_account&dl=true&s_p=google%2Cfacebook%2Capple%2Cmicrosoft%2Cline%2Ckakao&response_type=code&code_challenge_method=plain&redirect_uri=https%3A%2F%2Fwww.adobe.com%2F&use_ms_for_expiry=true#/signup,clockworktemptation@gmail.com,S6XrrSmnbDh?a6MP,
auth.v2.athics.ai,https://auth.v2.athics.ai/register,aminiofradyshiof@yahoo.com,5PC?$Kir8c$E?q9J,
auth.v2.athics.ai,https://auth.v2.athics.ai/register,defefe3044@bariswc.com,s3rAERpJ4@HF#?Dn,
auth.wetransfer.com,https://auth.wetransfer.com/login,m7mdamienrady@hotmail.com,**meme8097A,
auth0.openai.com,https://auth0.openai.com/u/login/password,m7mdamienrady@gmail.com,9Y7seEFC4MqNF?9d,
auth0.openai.com,https://auth0.openai.com/u/login/password,mohamedaminradyofficial@hotmail.com,?GreG8f7Ek#DXi@M,
auth0.openai.com,https://auth0.openai.com/u/reset-password/change?state=Dke21CaVdpy3EBYU5UT53bcHCvjHzMyY,menot_for_hire@hotmail.com,7m9b!y4mmK7bC@oy,
authenticator.cursor.sh,https://authenticator.cursor.sh/?client_id=client_01GS6W3C96KW4WRS6Z93JCE2RJ&redirect_uri=https%3A%2F%2Fcursor.com%2Fapi%2Fauth%2Fcallback&state=%257B%2522returnTo%2522%253A%2522https%253A%252F%252Fcursor.com%252Fdashboard%2522%252C%2522nonce%2522%253A%25222da58774-f71c-48b0-9639-7e0dbfcd2e71%2522%257D&authorization_session_id=01K7EVMNEAWP2CZGFQ6NW0XHD6,aminrady@proton.me,**meme8097AA,
authenticator.cursor.sh,https://authenticator.cursor.sh/?state=%257B%2522returnTo%2522%253A%2522https%253A%252F%252Fcursor.com%252FloginDeepControl%253Fchallenge%253DklwBftyb4DrTXQaIt2JrXzS5uGtHSZ0NQY_8b1CP5c8%2526uuid%253D56600710-3224-481e-8457-43b915818054%2526mode%253Dlogin%2522%252C%2522nonce%2522%253A%2522948258f7-f84b-4bf6-8f50-990abadc9cde%2522%257D&redirect_uri=https%3A%2F%2Fcursor.com%2Fapi%2Fauth%2Fcallback&authorization_session_id=01K8B3ZZZHV8SVSMNGBAVWAGS9,aminiofradyshiof@yahoo.com,hXSmpY#95DEg6Lc6,
authenticator.cursor.sh,https://authenticator.cursor.sh/sign-up?state=%257B%2522returnTo%2522%253A%2522https%253A%252F%252Fcursor.com%252F%252Fapi%252Fauth%252FcheckoutDeepControl%253Ftier%253Dpro%2526allowTrial%253Dfalse%2522%252C%2522nonce%2522%253A%25225b005bf8-8d31-488c-aa3c-63b81b8ac61f%2522%257D&redirect_uri=https%3A%2F%2Fcursor.com%2Fapi%2Fauth%2Fcallback&authorization_session_id=01K9DV1KMQ7WE4T4T5MVDNGHHJ,UGS.16230176@eng.suez.edu.eg,X$CXY7F57r37gnsE,
authenticator.cursor.sh,https://authenticator.cursor.sh/sign-up?state=%257B%2522returnTo%2522%253A%2522https%253A%252F%252Fcursor.com%252Fdashboard%2522%252C%2522nonce%2522%253A%2522525689f3-43e6-43cf-9457-36d2254358fd%2522%257D&redirect_uri=https%3A%2F%2Fcursor.com%2Fapi%2Fauth%2Fcallback&authorization_session_id=01K8VM5M8KZ2BRWBQ88AT9SE5K,mohamedaminradyofficial@hotmail.com,qc5k?B&tj&RyNNKA,
authorize.kobo.com,https://authorize.kobo.com/us/en/signin/register/kobo?workflowId=82b7615a-1f11-4fcb-ad9b-1f5585d6d134,mohamedaminradyofficial@hotmail.com,xjyPe?5gRbr&rxBX,
authors.ai,https://authors.ai/account/,mohamedaminradyofficial@hotmail.com,JFaiPHmF#bNEAMg7,
aylien.com,https://aylien.com/news-api-signup,mohamedaminradyofficial@hotmail.com,jD3@!L6eezchns5C,
b12.io,https://b12.io/signup/?business_name=Clockwork+Temptation&business_description=Clockwork+Temptation+is+a+platform+for+incisive+and+professional+literary+and+cinematic+criticism%2C+delivering+thorough%2C+objective%2C+and+insightful+analyses.+The+focus+spans+narrative%2C+technical%2C+social%2C+and+psychological+dimensions%2C+emphasizing+depth+and+evidence+over+personal+opinions+or+flattery.&utm_medium=chat&utm_source=openai-gpt&utm_content=website-generator&intent=ai-websites&nonce=sn:cVkqhrK,mohamedaminradyofficial@hotmail.com,8P!$BfoG@KR8@ifd,
bazookaegy.com,https://bazookaegy.com/,01000008097,**meme8097A,
bdsmlr.com,https://bdsmlr.com/register,mohamedaminradyofficial@hotmail.com,8J6MnppXihn5c$jD,
beta.actualiz.io,https://beta.actualiz.io/register?_gl=1*1ejut3e*_ga*NDUyMjYzMTk0LjE3NDA4NzE1MjY.*_ga_14LYNQ3863*MTc0MDg3MTUyNS4xLjAuMTc0MDg3MTUyNS4wLjAuMA..,mohamedaminradyofficial@hotmail.com,9TzYMpbR5HFfLkE&,
beta.theb.ai,https://beta.theb.ai/register,mohamedaminradyofficial@hotmail.com,@R98n6JiA95eDz$?,
betterme-apps.com,https://betterme-apps.com/,**meme987654A,**meme987654A,
brandtsboys.com,https://brandtsboys.com/login,m7mdamienrady@gmail.com,**meme8097A,
capacity.so,https://capacity.so/signup,gopiwom186@dariolo.com,tPp#dyjcedAkTon7,
chat.aiapp.org,https://chat.aiapp.org/register?uuid=173ded8c-fbba-403b-b810-e062d696fe33,mohamedaminradyofficial@hotmail.com,**moh1979A**,
chat.chatbotapp.ai,https://chat.chatbotapp.ai/register?utm_source=GoogleAds&utm_medium=cpc&utm_campaign=cpc&utm_id=21160148546&utm_term=161491348238&utm_content=695764398152,mohamedaminradyofficial@hotmail.com,Az?!p3p79QjaB6@H,
chat.deepseek.com,https://chat.deepseek.com/,mohamedaminradyofficial@hotmail.com,DhCHHeq4oD63o8R&,
chat.qwenlm.ai,https://chat.qwenlm.ai/auth?action=signup,mohamedaminradyofficial@hotmail.com,JoY3qp@Rhq#Ncn9S,
chatfai.com,https://chatfai.com/login,m7mdamienrady@gmail.com,53!tBcLyM@iqPm5y,
chatgpt.com,https://chatgpt.com/auth/login,mohamedaminradyofficial@hotmail.com,?GreG8f7Ek#DXi@M,
chatgpt4mena.com,https://chatgpt4mena.com/register?fbclid=IwZXh0bgNhZW0CMTAAAR1s0VwJDLglsaUsCgm8bKosB_8upPdQRKnfNyAxOgDTfeEHLVKz-wbLuk8_aem_AUQXxWmj2s62kvgnJCF2tQXE7ialIvlg8UNnlsz8B0dV7Tb2dzzT8hq-qAQptF8nxli0zLeoi37C_FcKMKf_ofqa,mohamedaminradyofficial@hotmail.com,QscE!TSPXSzEC5A@,
classic.planetromeo.com,https://classic.planetromeo.com/main/login.php,THEZEUSPANDORA,**meme987654,
clickup.com,https://clickup.com/features/ai/movie-script-generator,mohamedaminradyofficial@hotmail.com,g86S!D#aMFM4fCx6,
cloud.appwrite.io,https://cloud.appwrite.io/console/register?redirect=%2Fconsole%2F,mohamedaminradyofficial@hotmail.com,yXJ5bRpHs?HRMY8C,
cloud.lifx.com,https://cloud.lifx.com/sign_in,m7mdamienrady@hotmail.com,987654A,
cloud.mindmanager.com,https://cloud.mindmanager.com/authenticate?lang=en&redirect_uri=https%3A%2F%2Fapp.mindmanager.com%2F&context=general&clientVersion=CMMWeb_24.0.116&t=1735602932605#trial,mohamedaminradyofficial@hotmail.com,&5GFkcsaMXdh@G$T,
cloud.sambanova.ai,https://cloud.sambanova.ai/,mohamedaminradyofficial@hotmail.com,9#o75@q9YD&xognz,
cloud.sambanova.ai,https://cloud.sambanova.ai/apis,mohamedaminradyofficial@hotmail.com,X5e4J!tx7Dj?$SSk,
codeium.com,https://codeium.com/windsurf/signup?response_type=token&client_id=3GUryQ7ldAeKEuD2obYnppsnmj58eP5u&redirect_uri=windsurf://codeium.windsurf&state=1aee2ac7-c42d-401b-81b8-ba34c7e3accf&prompt=login&redirect_parameters_type=fragment&workflow=onboarding,menot_for_hire@hotmail.com,o3nxKD3@!M!iT&X&,
consensus.app,https://consensus.app/sign-up/?redirect_url=%2Fsign-up%2F%3Fpro%3Don,mohamedaminradyofficial@hotmail.com,oKrMGtHM@8iGsRGX,
console.llamaapi.com,https://console.llamaapi.com/,mohamedaminradyofficial@hotmail.com,&c!3&5ozgb5p5LQ3,
console.mistral.ai,https://console.mistral.ai/,,p4TPt7BeqTHmyy?M,
copilot.microsoft.com,https://copilot.microsoft.com/chats/4SpQ3gmdbAhcKkUNy9QBd,clockworktemptation@hotmail.com,@C$TB8!B@7BN!Rrp,
creator.voiceflow.com,https://creator.voiceflow.com/signup?_gl=1*2gyb4k*_ga*OTYyNjA3MDkuMTczODAxNTYzMg..*_ga_1NT1L04113*MTczODAxNTYzMS4xLjEuMTczODAxNTYzNy42MC4wLjQ2OTk0MjUzMg..*_gcl_au*NzUzNjEzNTMzLjE3MzgwMTU2MzI.,mohamedaminradyofficial@hotmail.com,&g4JN76mpCp8jm#k,
dash.infinityfree.com,https://dash.infinityfree.com/accounts/create/free,dash.infinityfree.com,CaCP#y5tnoSaP5C9,
dashboard.cohere.com,https://dashboard.cohere.com/welcome/register,mohamedaminradyofficial@hotmail.com,PKt6Cs$!QjD#sPn6,
dashboard.promptlayer.com,https://dashboard.promptlayer.com/create-account?_gl=1*5qurb1*_ga*ODE5MzY4ODk2LjE3MzU4MDcwNDY.*_ga_XXMML34VE3*MTczNTgwNzA0Ni4xLjAuMTczNTgwNzA0Ni4wLjAuMA..*_gcl_au*MTQ3NTkzNjM2MC4xNzM1ODA3MDQ2,mohamedaminradyofficial@hotmail.com,34jFEQef4@&akqkA,
dashboard.scrapegraphai.com,https://dashboard.scrapegraphai.com/login,loxofo2536@jxbav.com,@zR5iybnD$Mg!Kxi,
dashboard.scrapegraphai.com,https://dashboard.scrapegraphai.com/register,aminiofradyshiof@yahoo.com,X4gGAX#5Jci7H6#q,
dashboard.scrapegraphai.com,https://dashboard.scrapegraphai.com/register,cabikey344@boxmach.com,rm4NY&NY$jHHF4Ne,
dashboard.scrapegraphai.com,https://dashboard.scrapegraphai.com/register,sinabatatos@hotmail.com,X4gGAX#5Jci7H6#q,
dashboard.weglot.com,https://dashboard.weglot.com/register,mohamedaminradyofficial@hotmail.com,EkCCgSym95HqqGT?,
dashlane.hotspotshield.com,https://dashlane.hotspotshield.com/,m7mdamienrady@gmail.com,d16f82fe1f919df8,
deepfakesweb.com,https://deepfakesweb.com/users/sign_in,m7mdamienrady@gmail.com,5X3StTHR$cArsK#e,
delivery.coca-cola.eg,https://delivery.coca-cola.eg/customer/account/create/,m7mdamienrady@gmail.com,d5yBpH@YE9$SK7M?,
delivery.mcdonalds.eg,android://BXpLQVc1g91nvZ1rtSMScnwOdwmeOPJwXuUMzUDcK1vBkkCkfYwC0gT5UA91sqP84Qsjn_844t7mw2QDop6kaA==@eg.mcdonalds.delivery/,m7mdamienrady@gmail.com,987654AA,
dev-834782.oktapreview.com,https://dev-834782.oktapreview.com/user/welcome?fromURI=https%3A%2F%2Fwww.deepmotion.com%2Fpricing%3Fplan%3DFreemium,mohamedaminradyofficial@hotmail.com,K3Je!&cKHoC&MF9o,
di.gov.eg,https://di.gov.eg/forget-password,m7mdamienrady@gmail.com,**meme8097A,
discord.com,https://discord.com/register,m7mdamienrady@gmail.com,**meme8097A,
discord.com,https://discord.com/register?email=m7mdamienrady%40gmail.com,aminofradiof@gmail.com,BbkCC3@6Lk57!yPF,
discord.com,https://discord.com/reset#token=eyJpZCI6MTIzNTU5MzAzODU4MDE1ODU2NCwiZW1haWwiOiJtb2hhbWVkYW1pbnJhZHlvZmZpY2lhbEBob3RtYWlsLmNvbSJ9.Z3un1Q.Vl0sfWw3QalYAMF_ispfxSYMUrY,mohamedaminradyofficial@hotmail.com,P4Jz!h3fHPnDhTbN,
disneyplus.com,https://disneyplus.com/,menot_for_hire@hotmail.com,**meme987654A,
dissertationwriter.ai,https://dissertationwriter.ai/signup,mohamedaminradyofficial@hotmail.com,3gj6M93xB!E!GxCA,
docplayer.net,https://docplayer.net/register/,m7mdamienrady@gmail.com,T6#mnEF@3k&QX#7D,
dreamstime.com,https://dreamstime.com/,m7mdamienrady@gmail.com,hj66EfCd#N!oT3&f,
ebanking.cibeg.com,https://ebanking.cibeg.com/CIBInternet/#/,m7mdamienrady,**meme8097A,
eg.m.lgaccount.com,https://eg.m.lgaccount.com/,mohamedaminradyofficial@hotmail.com,coexmeme8097A,
egypt.westernunion.com,https://egypt.westernunion.com/WUCOMWEB/registerPersonalInfo.do,m7mdamienrady@gmail.com,redataher987A,
elcinema.com,https://elcinema.com/,,S3Sid3JeNQ#@Njpg,
elcinema.com,https://elcinema.com/,m7mdamienrady@gmail.com,S3Sid3JeNQ#@Njpg,
elevenlabs.io,https://elevenlabs.io/app/sign-up,mohamedaminradyofficial@hotmail.com,8fgDD8fE?9qy$ep5,
enationality.moi.gov.eg,https://enationality.moi.gov.eg/,m7mdamienrady@gmail.com,**meme8097A,
ericvideos.com,https://ericvideos.com/,m7mdamienrady@gmail.com,yGnhcS7ma!589n!!,
expo.dev,https://expo.dev/,mohamedrady,8?p@#5r6DLX!L9Yr,
expo.dev,https://expo.dev/signup,mohamedaminradyofficial@hotmail.com,8?p@#5r6DLX!L9Yr,
ezviz.com,android://IXvpjGyo6Z7FT6JbshkPS0t6T6bDcWfh2REOLhOHXLTyJrYLCatp3m3Qm-TO4fly1zLw5T4TjLQLob25VDhBQQ==@com.ezviz/,1000008097,**moh8097A,
facebook.com,https://facebook.com/,01550746359,**meme8097,
falconiptv.info,https://falconiptv.info/client/register.php,m7mdamienrady@gmail.com,k?zR9@K4Kib7bPro,
faphouse.com,https://faphouse.com/,megamind12,01149909999,
farasa.qcri.org,https://farasa.qcri.org/%2Fregister/,mohamedaminradyofficial@hotmail.com,QMzz#3Et#aKkGn$7,
farasa.qcri.org,https://farasa.qcri.org/%2Fregister/,mohamedaminradyofficial@hotmail.com,kM3jRAQgY$$Bcqtg,
featherless.ai,https://featherless.ai/register,defefe3044@bariswc.com,Fdx$$NQ8gdjN7x7z,
firstebook.club,https://firstebook.club/sl-SNSZH-D7256/signup-ramble/#/z=EUC8qGDis4PQPP41cg2Isf/variation=default/q=+Crafting+Short+Screenplays+That+Connect+English+E/s1=/s2=/s3=/s4=/s5=/source_id=8f01d014-5d23-454d-9a1b-46a83785a26b/project=BOxZ6U/mh_offer_id=/dp=zut6lQ4Bn5KxUVkGBAcDoL/m=/c_color=/source=Referral/software=Browser/domain=cdn.ebxu2la.club/,m7mdamienrady@gmail.com,3C4C&#&gC5P3tta#,
forums.neswangy.net,https://forums.neswangy.net/profile.php,m7mdamienrady@gmail.com,**mazda8097,
forums.neswangy.net,https://forums.neswangy.net/usercp.php,داخل علشانك,9FybVBPV,
foulabook.com,https://foulabook.com/register,mohamedaminradyofficial@hotmail.com,Ac9A4Hx!mobNLc63,
fr.tlscontact.com,https://fr.tlscontact.com/eg/CAI/login.php,halia2010.halia@gmail.com,Robin2010,
gcloudbackup.genie9.com,android://VkZstmXIovU1uAt_8-Euj8xEIqg6NIeZYbTCbQ0oJtlnuCYZtDR1pQbMqdO7dDIkOlL6tnnwkvtQfDOYmVeV6A==@com.genie9.gcloudbackup/,m7mdamienrady@hotmail.com,10158123950149282,
getflix.com,https://getflix.com/,m7mdamienrady@gmail.com,**meme8097A,
gikken.co,https://gikken.co/mate-translate/create-password/,m7mdamienrady@gmail.com,zyjdPTQrKb4&ia6S,
github.com,https://github.com/,amin.rady.mohamed.ahmed@hotmail.com,**meme8097AA,
github.com,https://github.com/,m7mdamienrady@gmail.com,gek3PyC47qRNAFK?,
github.com,https://github.com/,menot_for_hire@hotmail.com,G4$FybnYLo!h6pc7,
github.com,https://github.com/login,m7mdamienrady@hotmail.com,HpyozyLaotPST!c5,
github.com,https://github.com/login,mohamedaminradyofficial@gmail.com,Gn939Q3&qhr!i9Mj,
github.com,https://github.com/login,mohamedaminradyofficial@hotmail.com,Gn939Q3&qhr!i9Mj,
github.com,https://github.com/login,sinsweatpants@hotmail.com,dXH6jpstX9###KQf,
github.com,https://github.com/login?return_to=https%3A%2F%2Fgithub.com%2Fsignup%3Fref_cta%3DSign%2Bup%26ref_loc%3Dheader%2Blogged%2Bout%26ref_page%3D%252F%26source%3Dheader-home,CLOCKWORK-TEMPTATION,**MEME8097aa,
github.com,https://github.com/password_reset,henojo8520@balincs.com,yfKMEKPCjiS&DM9c,
github.com,https://github.com/password_reset/BPDOQDXKSMFHZU7B7ZMZJYLI7NIMJBNFMVWWC2LMXVRWY33DNN3W64TLORSW24DUMF2GS33OIBTW2YLJNQXGG33NUVTG64TDMXBLG5DXN5PWMYLDORXXEX3WMVZGSZTJMVSMFMLUO5XV6ZTBMN2G64S7NVSXI2DPMSSG433OMW5GM33SMNSWIX3XMVQWWX3QMFZXG53POJSF64TFONSXJQQ?auto=true,clockworktemptation@gmail.com,hS97CtRLBd$kSHxT,
github.com,https://github.com/signup?ref_cta=Sign+up&ref_loc=header+logged+out&ref_page=%2F&source=header-home,likelix170@balincs.com,5FLB&gDXLYQhg&Do,
github.com,https://github.com/signup?ref_cta=Sign+up&ref_loc=header+logged+out&ref_page=%2F&source=header-home,likelix170@balincs.com,X9sXbSERGrJ$S3FL,
go.osn.com,https://go.osn.com/pages/signin.aspx,m7mdamienrady@gmail.com,amrandmohamed1980,
google.com,https://google.com/,mohamed.a.rady.ahmed@gmail.com,**meme8097AA,
google.com,https://google.com/,mohamedaminradyofficial@hotmail.com,DMeaqz&kmaGoxx3d,
greenhouse-egypt.com,https://greenhouse-egypt.com/my-account/lost-password/?show-reset-form=true&action=newaccount,mohamedaminradyofficial,koTaBhP3cezb3j?F,
help.osnplus.com,https://help.osnplus.com/reset-password?uuid=eyJhbGciOiJSUzI1NiJ9.eyJzdWIiOiJSZXNldCBQYXNzd29yZCBUb2tlbiBHZW5lcmF0ZWQgZm9yIG1pZ3JhdGVkIHVzZXJzIGZyb20gQ29tbXVuaXR5IiwiaXNzIjoiU1BSSU5LTFIiLCJ0eXAiOiJKV1QiLCJjb21tdW5pdHlVc2VySWQiOiI2NGEwNzM2MWVmY2E1NjVmNjUxM2M1YTgiLCJhdWQiOiJTUFJJTktMUiIsIm5iZiI6MTY4ODIzNjgxNSwic2NvcGUiOlsiUkVBRCIsIldSSVRFIl0sImV4cCI6MTY4ODMyMzMzNSwidG9rZW5UeXBlIjoiRk9SR09UX1BBU1NXT1JEIiwiYXV0aFR5cGUiOiJTUFJfQVVUSEVOVElDQVRFRCIsImlhdCI6MTY4ODIzNjkzNSwicHJvamVjdElkIjoiMWUxYmMyN2ItNjJkYy00OTM3LWI3MWUtOWRkODA5MDMyYWY4IiwianRpIjoic3ByaW5rbHIifQ.pv-scbuVcvNKEzJGzDQzGjQLer64KJQXKvwY6syry8Hd4erax5HiqK7BlU5aLA5U5SUevn3ezL1-J6YHJZRYxIrsKUKDsMoqSKUDhfGF3O2grtpI1Q19KBcEwXIqXrcCiHUZpJxxbVmq_jxchrwRm5QUmT5m1Rp5gZUsA8H8Jt96Uk9I2U8PFfXqxdOPchIiLCg4wTwmd8DFModVkb1LBrHFxAPAj8N521UtcIcqZa51uxKkOasur-l-geRZv7IBb4elHw4JRTBOAJL9EE8ng20RO3x0AxhFYInZNJrQyFNDvFI68yjUxFDfPNzNyPaQnHN20EcPvjUtZb0tmg-nLg,clockworktemptation@gmail.com,01000008097A,
hentaiera.com,https://hentaiera.com/register/,m7mdamienrady@gmail.com,Nfpsn!?T8y7E7pGt,
herostore.com.eg,https://herostore.com.eg/ar/my-account-2/?location=204,mohamedaminradyofficial@hotmail.com,3r?togNrBNG!7P3m,
hix.ai,https://hix.ai/reset-password?token=8d6c12023351bba4938fea4ea80889dbfde94939d8447b8337194bdb33103e83&email=mohamedaminradyofficial%40hotmail.com,mohamedaminradyofficial@hotmail.com,977PnCc5!Y#SkeeX,
hixai.tapfiliate.com,https://hixai.tapfiliate.com/,m7mdamienrady@gmail.com,GX&RNkx!6SFipsX?,
hotspot.internet-for-guests.com,https://hotspot.internet-for-guests.com/logon/cgi/index.cgi,Lei301,301,
http://127.0.0.1:5000,http://127.0.0.1:5000/,mohamedaminradyofficial@hotmail.com,elmeniaworkshop,
http://192.168.0.1,http://192.168.0.1/webpages/login.html,,admin99,
http://192.168.1.1,http://192.168.1.1/,,admin,
http://192.168.1.1,http://192.168.1.1/guide.htm,soko mons,01000889181,
http://192.168.1.1,http://192.168.1.1/html/advance.html,Bi,01149909999A,
http://192.168.1.1,http://192.168.1.1/ui/dynamic/setup/pm_dsl_settings.html,0233354759-Mohameed,LDN,
http://192.168.1.1,http://192.168.1.1/ui/dynamic/setup/pm_dsl_settings.html,2571760@tedata.net.eg,01149909999,
http://192.168.8.1,http://192.168.8.1/,cocododoA,cocododoA,
http://api.passapp.io,http://api.passapp.io/dashboard/sign_up,m7mdamienrady@hotmail.com,**meme987654,
http://arabscene.me,http://arabscene.me/signup.php,m7mdamienrady@gmail.com,sj@Tbskq6ikFX3?q,
http://hotspot.internet-for-guests.com:8007,http://hotspot.internet-for-guests.com:8007/logon/cgi/index.cgi,Ticket35421,a5pt82,
http://localhost:5678,http://localhost:5678/setup,mohamedaminradyofficial@hotmail.com,JehdHz8!Xnegc4yA,
http://osnplay.osn.com,http://osnplay.osn.com/en/Arabic/A/Al-Zaybak/Al-Zaybak/Episode-1-EP1/,aminrady,fabf5ad5,
http://passport.linkonlineworld.com,http://passport.linkonlineworld.com/Login.aspx,menot_for_hire@hotmail.com,**meme987654,
http://tplinkmodem.net,http://tplinkmodem.net/,,Qy)%N|7D:hQ(,
http://tplinkrepeater.net,http://tplinkrepeater.net/,admin**memeAa9,admin**memeAa9,
http://tplinkwifi.net,http://tplinkwifi.net/,,0114990999,
http://wifi.n2s.es,http://wifi.n2s.es/login/hotspot,1B5GKG,9032,
http://wifi.n2s.es,http://wifi.n2s.es/login/hotspot,1B6GKG,9032,
http://www.booking.com,http://www.booking.com/index.html,m7mdamienrady@hotmail.com,**meme987654,
http://www.clubinfernodungeon.com,http://www.clubinfernodungeon.com/en/login/index/aHR0cCUzQSUyRiUyRm1lbWJlcnMuY2x1YmluZmVybm9kdW5nZW9uLmNvbSUyRmVuJTJGQVNTYXVsdCUyRmZpbG0lMkY3NzgyOQ==,sabrykar,meme987654,
http://www.s-ajfan.com,http://www.s-ajfan.com/vb/register.php,m7mdamienrady@gmail.com,xkdR6HMHcGDsz?JY,
http://www.ticketsmarche.com,http://www.ticketsmarche.com/se_877_hesham-el-gakh.html,**meme987654,87806408,
huggingface.co,https://huggingface.co/join,aminiofradyshiof@outlook.com,Q5DNQnz6YSozmP$X,
huggingface.co,https://huggingface.co/join,cesoy77848@bizmud.com,NbGNkiQpc7ME9c&P,
huggingface.co,https://huggingface.co/join,m7mdamienrady@gmail.com,f6R7tYq5@X6&h53s,
huggingface.co,https://huggingface.co/login,mohamedaminradyofficial@hotmail.com,**meme45A,
huggingface.co,https://huggingface.co/password_reset?,aminiofradyshiof@yahoo.com,g@hiRr77!PFs4TJ8,
huggingface.co,https://huggingface.co/password_reset?,lovew59327@forexru.com,E?FtL5AY$!GAC?Lr,
icloud.com,https://icloud.com/,clockworktemptation@gmail.com,**meme987654A,
icloud.com,https://icloud.com/,m7mdamienrady@gmail.com,**moh1979AA,
id.osn.com,https://id.osn.com/signup-funnel/login/pure,clockworktemptation@gmail.com,**meme8097A11,
identity.flickr.com,https://identity.flickr.com/login?redir=https%3A%2F%2Fwww.flickr.com%2Fphotos%2Fradekbayek%2F5051757279,m7mdamienrady@gmail.com,c?gP$8pTxgiM&4?C,
identity.getpostman.com,https://identity.getpostman.com/signup?addAccount=1&email=mohamedaminradyofficial%40hotmail.com,mohamedaminradyofficial@hotmail.com,?CNAhN7FaNMx8yb6,
idmsa.apple.com,https://idmsa.apple.com/appleauth/auth/authorize/signin,m7mdamienrady@gmail.com,5Xz6gYLjeEeeDji&,
ieu.ezvizlife.com,https://ieu.ezvizlife.com/user/userAction!goRetrievePass.action,mohamedaminradyofficial@hotmail.com,KxmJ4groq4f#gNXD,
inandoutfurniture.com,https://inandoutfurniture.com/ar,m7mdamienrady@gmail.com,**meme8097A,
inpodcast.ai,https://inpodcast.ai/auth/sign-up,m7mdanienrady@gmail.com,**meme8097AA,
intelli.genie9.com,android://I60MM0uvKSaZgDhAo3SHMH8P9yNrhZaMqUwYa-BIjI-VyazMUosl55gdkjASsq-ydKSoqdU3ahLe9ElSqT9Ogw==@com.genie9.intelli/,m7mdamienrady@gmail.com,108050788797654811481,
join.guysinsweatpants.com,https://join.guysinsweatpants.com/signup/signup.php?step=signup&nats=MC4wLjIxLjM0LjAuMC4wLjAuMA&switched=1&strack=0&,m7mdamienrady@gmail.com,S7!X7oYPsPtXYxbc,
join.guysinsweatpants.com,https://join.guysinsweatpants.com/signup/signup.php?step=signup&nats=MC4wLjIxLjM0LjAuMC4wLjAuMA&switched=1&strack=0&,zeuspando,S7!X7oYPsPtXYxbc,
join.sayuncle.com,https://join.sayuncle.com/signup/signup.php,m7mdamienrady@gmail.com,J#YGSJj#E3a6zq47,
jumia.com.eg,https://jumia.com.eg/,m7mdamienrady@hotmail.com,**meme8097A,
justfor.fans,https://justfor.fans/login,m7mdamienrady@hotmail.com,ravme1-nitzyz-kAdtan,
kaiber.ai,https://kaiber.ai/register,m7mdamienrady@hotmail.com,A84noSRLJoh3kYy$,
kaiber.ai,https://kaiber.ai/register,mohamedaminradyofficial@hotmail.com,h$5$gK#?oKDDh#4p,
katana.facebook.com,android://zQxb6hXv1MJiC1Yyotdhi8HP-y7fwPcOLwPOWTwWKpP2VXcbsuIiI4iJ1KV0Dz3LzVsUuKJmYCBIUAxnsPB9FA==@com.facebook.katana/,m7mdamienrady@gmail.com,DQ4YzhqBz9L?rbLr,
katana.facebook.com,android://zQxb6hXv1MJiC1Yyotdhi8HP-y7fwPcOLwPOWTwWKpP2VXcbsuIiI4iJ1KV0Dz3LzVsUuKJmYCBIUAxnsPB9FA==@com.facebook.katana/,mohamedaminradyofficial@hotmail.com,**olame1979A82,
kemosat.com,https://kemosat.com/whmcs/cart.php?a=confproduct&i=1,m7mdamienrady@gmail.com,xpPRtnD!MzRd@46s,
klingai.com,https://klingai.com/,mohamedaminradyofficial@hotmail.com,m&S5@BMnz43Bmae!,
langbase.com,https://langbase.com/signup/chai?redirectTo=https://chai.new/api/auth/callback,mohamedaminradyofficial@hotmail.com,e4XdLX57LF&gos7A,
learningstudioai.com,https://learningstudioai.com/register,m7mdamienrady@gmail.com,CAhD4feTzfd9#tf6,
leinktattoo.com,https://leinktattoo.com/account/register,m7mdamienrady@gmail.com,SaS&iBXSLHhfs&7o,
lex.page,https://lex.page/auth,bayim13547@npo2.com,Yeehtb?sYM6kKRbf,
lex.page,https://lex.page/auth,bedoli4426@agiuse.com,DGeGNy9jfGKL$pLX,
lex.page,https://lex.page/auth?,aminiofradyshiof@gmail.com,8sdYH@!EAs@74Npo,
lex.page,https://lex.page/auth?,defefe3044@bariswc.com,CC3AnF@jTXXnPr7f,
lex.page,https://lex.page/auth?,mohamedaminradyofficial@hotmail.com,?icDigp7cx8H6jER,
lex.page,https://lex.page/auth?email=aminofradiof%40gmail.com&token=huJ6LrMYKnmglFhE38L6zn3Vc,aminofradiof@gmail.com,K7s79!Ky@e3F?&5k,
linkedin.com,https://linkedin.com/,m7mdamienrady@hotmail.com,?gaRRpE8pXYM?5B5,
linksys.com,https://linksys.com/,m7mdamienrady@gmail.com,Kr!c3zqyBc44PMm7,
live.com,https://live.com/,m7mdamienrady@hotmail.com,**olame1979A,
localhost:9200,https://localhost:9200/,mohamedaminradyofficial@hotmail.com,elmeniaworkshop,
login.coinbase.com,https://login.coinbase.com/signin,m7mdamienrady@gmail.com,kXs@Bx@yXPcat6Ya,
login.docker.com,https://login.docker.com/u/reset-password/change?state=3xoKww9FmYwmK18tNvcTKXYE6wa1mpV4,mohamedaminradyofficial@hotmail.com,Pi@E5d@AzQD47map,
login.filmustage.com,https://login.filmustage.com/u/signup?state=hKFo2SA5NjZoY1JRcGZwWl9tdU1QWGNLMW5XdHZUTGFLZ3FfcaFur3VuaXZlcnNhbC1sb2dpbqN0aWTZIEZ0Y3NzUi1reGpaQkpGOURNMVJsaHpKZFE5UGlhTHZDo2NpZNkgRlZhS3ZtTEdZeTBQdkticVpLeE0wWlNrNFl4TzBoZlU,mohamedaminradyofficial@hotmail.com,@sXL97KRSQmgcY9?,
login.live.com,https://login.live.com/login.srf,m7mdamienrady@hotmail.com,**meme987654,
login.live.com,https://login.live.com/login.srf,menot_for_hire@hotmail.com,@C$TB8!B@7BN!Rrp,
login.live.com,https://login.live.com/login.srf,mohammedaminrady@hotmail.com,**meme987654,
login.microsoftonline.com,https://login.microsoftonline.com/,ugs.16230176@eng.suez.edu.eg,Cas15578,
login.nvgs.nvidia.com,https://login.nvgs.nvidia.com/v1/create-account,mohamedaminradyofficial@hotmail.com,"w4$#v,J2$7cy6G*",
login.ubuntu.com,https://login.ubuntu.com/lbfuUB48ow0MlIKY/+decide,m7mdamienrady@gmail.com,KLj?QKfjSSmrtd7t,
login.vivaldi.net,https://login.vivaldi.net/profile/id/verify,m7mdamienrady,KJQzj!7q8hHXj4!p,
lovable.dev,https://lovable.dev/signup,menot_for_hire@hotmail.com,6$X4EEP#&jL8hxA#,
lumen5.com,https://lumen5.com/auth/signup/,m7mdamienrady@gmail.com,BoKQiC?RJXmc4@K9,
m.facebook.com,https://m.facebook.com/,m7mdamienrady@hotmail.com,mohammedamienradymazdamazda**meme987654A,
m.facebook.com,https://m.facebook.com/,mohamedaminradyofficial@hotmail.com,**olame1979A,
m.facebook.com,https://m.facebook.com/login.php,m7mdamienrady@gmail.com,Mohammedamienradyjeepredataherfriendlyfire2013A,
m.planetromeo.com,https://m.planetromeo.com/,THEZEUSPANDORA,**meme987654,
magichub.com,https://magichub.com/newuser,mohamedaminradyofficial@hotmail.com,9nKm@m$zRxshyh4N,
manus.im,https://manus.im/login?code=LRGGJROKVKRIQ&type=signUp,tesifa9474@boxmach.com,6Pm#r&#hrnKM3Ab?,
manus.im,https://manus.im/reset-password?authType=email&type=signIn&email=menot_for_hire%40hotmail.com&from=https%3A%2F%2Fmanus.im%2Flogin%3FauthType%3Demail%26type%3DsignIn,menot_for_hire@hotmail.com,$F6X5mim3b8H@&Sj,
massader.net,https://massader.net/register/,m7mdamienrady@gmail.com,ABF4$MMQ?XciNaL6,
mbc.net,https://mbc.net/,m7mdamienrady@gmail.com,a&&!a4oS5AJX9pXG,
mediaclient.netflix.com,android://Jzj5T2E45Hb33D-lk-EHZVCrb7a064dEicTwrTYQYGXO99JqE2YERhbMP1qLogwJiy87OsBzC09Gk094Z-U_hg==@com.netflix.mediaclient/,m7mdamienrady@hotmail.com,amrandmohamed1980,
member5.smarterasp.net,https://member5.smarterasp.net/account/account_screen,free14daytrial-001,9338ns5#bN6BHd#e,
members.facedownassup.com,https://members.facedownassup.com/,m7mdamienrady@gmail.com,01000008097,
members.purgatoryx.com,https://members.purgatoryx.com/,zeuspando,U5G85HyPGVrg,
metro-markets.com,https://metro-markets.com/,https://www.facebook.com/lmohammed.a.rady/,mohammedamienradyjeepredataherfriendlyfire2013A,
mgx.dev,https://mgx.dev/login,mohamedaminradyofficial@hotmail.com,meme8097A,
mgx.dev,https://mgx.dev/register,aminofradiof@gmail.com,g@6noSc@dDie@4PM,
mingle2.com,"https://mingle2.com/online-dating/stockholms-lan/tango/gay-personals#:~:text=Mingle2's%20gay%20Tango%20personals%20are,boyfriends%2C%20sex%2C%20or%20friends.",menot_for_hire@hotmail.com,9neomtDHk!q9#k4E,
miniapps.ai,https://miniapps.ai/gemini-experimental-2-5,m7mdamienrady@gmail.com,spGALzEfqxy!8AY!,
mistral.ai,https://mistral.ai/,m7mdamienrady@gmail.com,p4TPt7BeqTHmyy?M,
modelscope.cn,https://modelscope.cn/register?back=%2Fhome,mohamedrady,obkts4#6pFebhH6N,
moi.gov.eg,https://moi.gov.eg/,m7mdamienrady@gmail.com,SxyHuFRj9jPZriV,
monica.im,https://monica.im/sign-up?utm_source=invitation_download&redirectTo=https%3A%2F%2Fmonica.im%2Fadd-to-browser%3Fsource%3Dinvitation_download,menot_for_hire@hotmail.com,PTDyCgp4mBE6PsH@,
music.spotify.com,android://79xEc7TXh3cNp5rV9kci8i6AYyfPq8BmRomGIiNpLtXCAx3qy5RICnOQLbMJaQ1UNGV_N7sSK1dLpTmEZQ8csg==@com.spotify.music/,menot_for_hire@hotmail.com,csrY&#YNbN$3GMez3,
my.account.sony.com,https://my.account.sony.com/central/signin/,m7mdamienrady@gmail.com,amr215amrA,
my.folderit.com,https://my.folderit.com/en/login/,mohamedaminradyofficial@hotmail.com,dqp8!xyLr$n6e7X4,
my.folderit.com,https://my.folderit.com/signup/?_gl=1*u2lo3y*_gcl_aw*R0NMLjE3NTE0MDkzNzEuQ2owS0NRandqbzdEQmhDckFSSXNBQ1dhdVNsSHlJMmtoQUU3aGE0WEdraXMxV0NhUm5WMWREZmJGckQzU3RsNDRLQnNVamlubHZwXzY3Z2FBc2tWRUFMd193Y0I.*_gcl_au*OTU1MzAwNTY0LjE3NTE0MDkzNzE.*_ga*MTA3NzY3OTczOS4xNzUxNDA5Mzcx*_ga_0F9P35BJ9J*czE3NTE0MDkzNzEkbzEkZzAkdDE3NTE0MDkzNzEkajYwJGwwJGgw,mohamedaminradyofficial@hotmail.com,dqp8!xyLr$n6e7X4,
my.metageek.com,https://my.metageek.com/register,m7mdamienrady@gmail.com,6PhR$kHCDJ6o!A55,
my.setapp.com,https://my.setapp.com/,menot_for_hire@hotmail.com,tydsEKf!@4NBoGpg,
my.soundful.com,https://my.soundful.com/signup/?_gl=1*16lcnmr*_gcl_au*NjMyNDI5MjQxLjE2OTE4MjI5NDE.*_ga*MjUxNTU4MTAxLjE2OTE4MjI5NDE.*_ga_L6RJEQF7K1*MTY5MTgyMjk0MC4xLjAuMTY5MTgyMjk0MC42MC4wLjA.*_ga_E2XCNJ1HFB*MTY5MTgyMjk0MC4xLjAuMTY5MTgyMjk0MC42MC4wLjA.,m7mdamienrady@gmail.com,P@f5q?YB5Cgnh5jJ,
my.speedify.com,https://my.speedify.com/login,m7mdamienrady@gmail.com,**meme8097A,
myaccount.go.osn.com,https://myaccount.go.osn.com/en,m7mdamienrady@gmail.com,amrandmohamed1980,
myaccount.google.com,https://myaccount.google.com/?nlr=1,m7mdamienrady@gmail.com,**memeola8097AA,
myaccount.microsoft.com,https://myaccount.microsoft.com/,UGS.16230176@eng.suez.edu.eg,Cas15578,
myhd-iptv.co,https://myhd-iptv.co/my-account/,mohamedaminradyofficial@hotmail.com,c$CQXC9rNfD@noYN,
mypoints.com,https://mypoints.com/,m7mdamienrady@gmail.com,5Tcjosz$F$c79zq5,
myservices.android.emeint.com,android://rxBiaQvAoo69D26I22HxqarYLWhKUCjDmWhCDYnw9O-_jbTblx1gR69COCxpz3RY6XyxUU_xGRgrK2A-lhuhuQ==@com.emeint.android.myservices/,01000008097,**meme8097A,
mytedata.net,https://mytedata.net/wps/portal/ssp/WSLogin/!ut/p/a1/hY5LDoIwGITPwgHMP5Bq67JAQkusmhgVuiFdKGLkEUI8v2jYCrOb5JsHWcrINu5dlW6o2sa9vt5uiiiRivEdACYC6DhUMd8awKxHIB8B_JHEL6-PDEoIpMkhEdD8gnAv4YP5U34GWNi_kp2fwATMXDy5ntKllvFo0JvIlGQ7NzxWVXNvKVNtfaOuPmd4MptLz_sAqE3S4g!!/dl5/d5/L2dBISEvZ0FBIS9nQSEh/,clockworktemptation@gmail.com,**meme987654,
mytv-live.com,https://mytv-live.com/my-account/lost-password/,m7mdamienrady@gmail.com,zr&p!oY&r6$Q455i,
na.account.amazon.com,https://na.account.amazon.com/,m7mdamienrady@hotmail.com,**meme987654,
nawrastv.com,https://nawrastv.com/my-account/,m7mdamienrady@gmail.com,hcc97nt#E&B9T8C6,
neapay.com,https://neapay.com/user/register.html,m7mdamienrady@gmail.com,?XhA#P3$$PMDJcS!,
newworkhub.transcribeme.com,https://newworkhub.transcribeme.com/signup,mohamedaminradyofficial@hotmail.com,nX3Ps8ggK&Cd6Gfm,
nhentai.com,https://nhentai.com/en/comic/gengoroh-tagame-pride-vol2-chapter-13-eng,m7mdamienrady@gmail.com,NLQk3nt#mLai9cJ@,
nhentai.net,https://nhentai.net/login/,zeuspandora,987654,
nlpcloud.com,https://nlpcloud.com/home/register,mohamedaminradyofficial@hotmail.com,t!kNM4rb&tH#6X$B,
nolanai.firebaseapp.com,https://nolanai.firebaseapp.com/__/auth/action?mode=resetPassword&oobCode=9-ZrLzTD9gx8puO2PVbnoeCluQtWW1Beu8EzS3sz0H8AAAGXDU7NiQ&apiKey=AIzaSyAo3IGXRyuv5YKHIHwJPYaMVWBgarvGnUs&lang=en,mohamedaminradyofficial@hotmail.com,5Xd!bPdX?xx7hKTm,
nous-forge-prod.us.auth0.com,https://nous-forge-prod.us.auth0.com/u/signup?state=hKFo2SB3YUZlR0szX0NUNEFDY09sUWJUTWlZSXU0Z1RxTVJQWKFur3VuaXZlcnNhbC1sb2dpbqN0aWTZIHhZbGRaaHB6VnlWTHNtWXdzR2laajZtbFFaLXJHdTZBo2NpZNkgRGt6ejQ3WGNTczNTUnloc2lJM2xLN1Nra2pRR1pnMkw,mohamedaminradyofficial@hotmail.com,Eya@T#EpENQLe453,
novita.ai,https://novita.ai/user/register,mohamedaminradyofficial@hotmail.com,ks$3Yq5#H$cKPHLt,
obs.enr.gov.eg,https://obs.enr.gov.eg/,,6dHk3$q$Mx7?4X@i,
obs.enr.gov.eg,https://obs.enr.gov.eg/,mohamedaminradyofficial@hotmail.com,6dHk3$q$Mx7?4X@i,
ollama.com,https://ollama.com/signin,mohamedaminradyofficial@hotmail.com,me!PNS@QqFXg?aY4,
onlyfans.com,https://onlyfans.com/,m7mdamienrady@hotmail.com,**meme987654A,
onlyfans.com,https://onlyfans.com/austinwolfff/videos,m7mdamienrady@gmail.com,987654Aa,
onnowplay.com,https://onnowplay.com/recoromanello/joinnow,mohamedaminradyofficial@hotmail.com,yTnRM9G##cd74aYe,
openart.ai,https://openart.ai/,mohamedaminradyofficial@hotmail.com,bokSf7a5Rjd3k!!t,
openrouter.ai,https://openrouter.ai/sign-up?redirect_url=https%3A%2F%2Fopenrouter.ai%2Fsettings%2Fcredits,aminiofradyshiof@outlook.com,J6Eh#d4$hN@DH9mo,
openwebui.com,https://openwebui.com/auth/?type=signup,m7mdamienrady@gmail.com,RQm&xdq4#3K5?GSz,
orca.facebook.com,android://zQxb6hXv1MJiC1Yyotdhi8HP-y7fwPcOLwPOWTwWKpP2VXcbsuIiI4iJ1KV0Dz3LzVsUuKJmYCBIUAxnsPB9FA==@com.facebook.orca/,m7mdamienrady@gmail.com,Mohammedamienradyjeepredataherfriendlyfire2013A,
orca.facebook.com,android://zQxb6hXv1MJiC1Yyotdhi8HP-y7fwPcOLwPOWTwWKpP2VXcbsuIiI4iJ1KV0Dz3LzVsUuKJmYCBIUAxnsPB9FA==@com.facebook.orca/,mohamedaminradyofficial@hotmail.com,**olame1979A,
orcid.org,https://orcid.org/register,mohamedaminradyofficial@hotmail.com,X9eN@M3N3CFD4E$B,
osnplus.com,https://osnplus.com/,+201000008097,oldvoda8097A,
ossindex.sonatype.org,https://ossindex.sonatype.org/user/register,mohamedaminradyofficial@hotmail.com,STk5Ex6Fi!qQyp3H,
outlook.office.com,https://outlook.office.com/mail/,UGS.16230176@eng.suez.edu.eg,4$XzsjSeKg$GL44C,
panel.bunny.net,https://panel.bunny.net/user/register,m7mdamienrady@gmail.com,L$5rCMFaY9PexL&T,
paxful.com,https://paxful.com/register,m7mdamienrady@gmail.com,p4Kndxy$Hp?jdyBi,
paxful.com,https://paxful.com/verification/email,m7mdamienrady@gmail.com,p4Kndxy$Hp?jdyBi,
payments.rocketfuelblockchain.com,https://payments.rocketfuelblockchain.com/hostedPage/a435354c-b7a8-4f91-8779-0496791a648b,m7mdamienrady@gmail.com,sgSS3$kLn4Xi&R&t,
picsart.com,https://picsart.com/reset/6b31b583-efca-4309-b233-d94687e645d0,m7mdamienrady,**meme8097A,
pl.xhamster.com,https://pl.xhamster.com/signup,megamind12,01149909999,
platform.deepseek.com,https://platform.deepseek.com/forgot_password,m7mdamienrady@gmail.com,DhCHHeq4oD63o8R&,
platform.hume.ai,https://platform.hume.ai/sign-up,mohamedaminradyofficial@hotmail.com,#hex4YJJxy$A?#37,
play.anghami.com,https://play.anghami.com/home,menot_for_hire@hotmail.com,**olame8097A,
pornhub.app.com,android://29Ka4T8QCL00bu357SbJCBxBxergGWMB2aC-DLGaqB4JSDA7a0GN8jMsuKLTCvaJViKJaXcZFF_eo-_Pdsxg-A==@com.app.pornhub/,zeuspandor,987654,
pornworks.ai,https://pornworks.ai/en/generate/image/params,mohamedaminradyofficial@hotmail.com,y4cpSA$F$Y8SG$Fn,
portal.azure.com,https://portal.azure.com/#create/Microsoft.Synapse,mohamedrady,r3p!8Q6D4msMi5$!,
portal.jeton.com,https://portal.jeton.com/card-right-away_A,mohamedaminradyofficial@hotmail.com,8#rMA@H6x&GS@e7&,
previtusmedia.com,https://previtusmedia.com/my-account/lost-password/?show-reset-form=true&action,m7mdamienrady@gmail.com,f#Myg9$6rbtnTSfB,
prezi.com,https://prezi.com/signup/,m7mdamienrady@gmail.com,**meme8097AA,
pro.imdb.com,https://pro.imdb.com/name/nm7406439,m7mdamienrady@hotmail.com,**meme98765A,
profile.oracle.com,https://profile.oracle.com/myprofile/account/create-account.jspx,mohamedaminradyofficial@hotmail.com,Mh!zst?69xGe4k#M,
psm.gov.eg,https://psm.gov.eg/account/register,m7mdamienrady@gmail.com,inN!D7y@ALzbe9tj,
rdp.duetdisplay.com,https://rdp.duetdisplay.com/,,**meme8097A,
read-ebooks.club,https://read-ebooks.club/sl-S1B8Q-D7256/signup-dual/#/z=Z3jEX8NPBSGp5SJQui9dc5/variation=default/q=Three+Uses+of+the+Knife%3A+On+the+Nature+and+Purpose+of+Drama/s1=mbet1/s2=/s3=/s4=/s5=/source_id=a9b207cb-c563-b610-646d-6b5fb9c8d917/project=zIL8ME/mh_offer_id=/dp=IH08IsbuEDJezHnWm01dev/m=/c_color=/source=Direct/software=Browser/domain=cdn.ebxu2la.club/,m7mdamienrady@gmail.com,bCF6&bjM#QR5C&cP,
redshelf.com,https://redshelf.com/accounts/register/?next=/library/,m7mdamienrady@gmail.com,Fxpn9B@5e8Gg&GXY,
register.myqlik.qlik.com,https://register.myqlik.qlik.com/?profile=eyJhbGciOiJSUzI1NiIsInR5cCI6IkpXVCJ9.eyJjb250ZW50IjoicWJCMG1vaWZKVGh3RlpoZzFsZ25uK1R6QzZpbWFwNjFxQk1uL0tGUlZZYmxNSnA2N1hUMm13K0Y3Z1NKOFlkWVlUaC9CRURLVkJwZFdYL2oyN0h4TmpxeEI2a1dOS25YdXEwbXQ5M1V6RTRVY1dBeENTRHR6WnpOc2JIcnE2Q1k1MkNlT25IZnNOaHNNekg2ZWh6eFNEZnFNdmZvUVd6bWZ6Vk94U3N2dGk4OTI2aGwxa2Z5cklYY09WN1g0Sml0UlJnRmdXSkd1QUM3TlBIaUtLNEZ0U0xXaVkyKzIxNnhuRUNJRjJ0Nm84V2Q3Yi9YZzNyUFJVVlFIbVRXT2duZ0JDUHpPTnBkNFllYjdJVWZIUnJJNEJQNFpCTjJxUHdjbnljSkU4TXJIZTU2N3p5US9GaTZMVlJmYUpuZlY5a0dXWWxRdHI4MWpUWEkxaldTNmFVeXYrV0NMTExzWDI1N09uc3REN29BZWlrTzZRVHYrTFRjakZ0c3kzZUl6QzFDS2hZTkdSajUwUW9FMEc5REE2M0dkamNucmI5bHg2UDRtNEdSa3krTGtraDA1L3h4dGpSb1NvOTQrVFJqNWNPTzBVMEptWmJIWnh3Vk5iOVJuZk1TOEd3Tjhnbzh5U09sTFFkVkhPV1AxQjVvdkxRNU5xdDVCTUxwblVKNkhZcnBuaWhJQUlrMVJVVHNtMzNjQ3NTcjJNY01QRWZQR05BY2ZNeFEzRXFrT3JwcGZPWmZrRzhJOUE0am84TWdtRS9PZHE5SThOUTBTL0VWZ2xvUlNTMWk5V1FPR2toOFErcFdiWjkxczAvWjZBODNzdnV6c0NPTTFxR1JNUXRmN2xpbDdvMlhnVFhhUlpnWXpBUXViN2RHZ293QkE0cEhjOXc4Q1RMSWNwZjM1T2M9IiwiaWF0IjoxNzQ1NTA2MjU5LCJleHAiOjE3NDU1Mjc4NTksImp0aSI6IjQwMGZhNWY2LTNjMzMtNDBmMy1iNjY1LWEyNTVhZDMwNzA2NiJ9.E1I7TIlN8fk_GWpIDqUlUP_hdPjQUWM3lagSrvJzr2ynVauJtBwM51tEyh4E3nGb02CnMkgOrC0Os6BSCPVTOQWcg6dnEnlKgd6YWjhlP5TrqkDRfh7pm7URb6zeHZAYSGPl7cYrpovz3fVnPxG5tP3ijf8mp5NElyK_YW_uW6AcMxNdzOF6gZzslL2UPmw2lurEkakyn9jSpkXyoz-qcOYsaGXsEMV-dAcmHYmD6LTktJi-HZTwC_1sLfpJOYGslUbzf4xxS6Qq-BNJEmJilWsdBZ0g1NH0LLCJv2XqY03qfZaJ_55WQ6aZMnumnCfuS3Kn-RSlEm86cYWPzv4mJmFgRfXOAq6YvVJJdYI1s-IGbZTCNBeIpfULnRfndfc9M9CQk6VOsxASPF6Jq53EN_txQZuP8gqcSJTqkJIlI4jsQIfiiUqBPDCmdmx_Ex1L7W6bYbHZbfEmG00KAxp3-R_qzttWESXpjUI05lErftrt0-21lXwfGwhg29p-qdp_2POCpMQeIElWgh6N7BbIt70M-_4iWXrwJxVkjX8UGi_TFoIqlat6-yrpt_GOmLHOHNrXZmqeeMzjUoe2A9FQ8vQ4OHqZIODa5l09xOwU7eVDasZv1mDvdHXvC3yvmepLVtyuuG9tMQMyhIXhDfZfsmCgnLluM38ohSI2gSONFRo&token=400fa5f6-3c33-40f3-b665-a255ad307066,mohamedaminradyofficial@hotmail.com,sQLc?7YC55omJx&@,
remotedesktop.google.com,https://remotedesktop.google.com/access/,Macs-Mac-Pro-5.local,768277,
replit.com,https://replit.com/@dicit68795/DataQuery#client/index.html,lopet94807@foboxs.com,d7BxHAXDB74!GMg3,
replit.com,https://replit.com/@yewica6799/editor#client/index.html,magok63420@hostbyt.com,ahP!pHq#Yroj4SY7,
replit.com,https://replit.com/new,lapaf58614@dariolo.com,D5f?C4Bd&q&Je9GD,
replit.com,https://replit.com/signup,bajixa6766@kwifa.com,4cob9DYcJzycNc!?,
replit.com,https://replit.com/signup,cesoy77848@bizmud.com,p9fYdFb5T5!oyomH,
replit.com,https://replit.com/signup,cisoyiw494@bitfami.com,cisoyiw494@bitfami.com,
replit.com,https://replit.com/signup,dicit68795@foboxs.com,EJ!EDpoeij8QimKY,
replit.com,https://replit.com/signup,dotaxe3864@hostbyt.com,jfddfQ3gPTignY!$,
replit.com,https://replit.com/signup,gopiwom186@dariolo.com,e$A3dKDXAFoKzn!h,
replit.com,https://replit.com/signup,haten77119@foboxs.com,y!Bqqo3FE@KE7TzL,
replit.com,https://replit.com/signup,kotobat918@jxbav.com,RKt87bff?D?eEy@z,
replit.com,https://replit.com/signup,lamih62461@hostbyt.com,g@HaXGaqpgK4K4hi,
replit.com,https://replit.com/signup,loxofo2536@jxbav.com,9tPTHQF$zmTSi##o,
replit.com,https://replit.com/signup,mohisas686@dariolo.com,Y?tcktq7!pADezFN,
replit.com,https://replit.com/signup,nosinen843@binafex.com,RXb@k8eofcYDRYMc,
replit.com,https://replit.com/signup,rogox77311@dosonex.com,Q9Cb&JfSXcG!ehpo,
replit.com,https://replit.com/signup,satab90125@hosintoy.com,kotobat918@jxbav.com,
replit.com,https://replit.com/signup,sokihi2767@dariolo.com,#Xz5DfecbqxgoHNX,
replit.com,https://replit.com/signup,soposip772@im5z.com,Lt@RAfrb3ae9EygP,
replit.com,https://replit.com/signup,tacoh27462@hostbyt.com,dq9Q?B4S7L&Hn?p3,
replit.com,https://replit.com/signup,xasanat914@iamtile.com,@hxHBD9Tz9X?fzAr,
replit.com,https://replit.com/signup,xilix62433@foboxs.com,ky!hBj4!ySc3sJy!,
replit.com,https://replit.com/signup,yewica6799@hostbyt.com,&?Xpj8Te3CzkSS@d,
replit.com,https://replit.com/signup?goto=%2Faction-code%3Fmode%3DverifyEmail%26oobCode%3D5bDz-KP1KFrb4PzgpiKOy4ohrF932cZSFWPBUgYsMkcAAAGYaWqpTw%26apiKey%3DAIzaSyDdqupzUUvLXidm5MYw3Bqz50A_1t2Lxlc%26lang%3Den&error=unauthorized,delag83037@foboxs.com,?#f66#5L#7Ycghi?,
replit.com,https://replit.com/signup?redirecting=1,clockworktemptation@hotmail.com,fTgPP8NhAdEgP8!o,
replit.com,https://replit.com/~,xiteja6496@datingso.com,GfG@dHrHCa#qs!7H,
results.almokhtabar.com,https://results.almokhtabar.com/,user_1842322969,1ccd4bba,
scispace.com,https://scispace.com/,mohamedaminradyofficial@hotmail.com,zA?86SNichfp3NfM,
screensconnect.com,https://screensconnect.com/en/reset-password.php,m7mdamienrady@gmail.com,jPs63tkMQ7hff@ry,
seafoodfactory.com,https://seafoodfactory.com/ar/account/register?checkout_url=%2Fcheckouts%2Fcn%2FZ2NwLXVzLWNlbnRyYWwxOjAxSFBIUTBTNVlUSkYzTTkxTUJaUFJIRjk1%3F_ga%3D2.194596324.832005312.1707843993-1909860015.1707843993%26locale%3Dar-EG,mohamedaminradyofficial@hotmail.com,h$BANaDjCE3TQcdP,
secure.imdb.com,https://secure.imdb.com/,m7mdamienrady@hotmail.com,**meme987654,
secure.imdb.com,https://secure.imdb.com/ap/signin,m7mdamienrady@gmail.com,**olame1897A,
secure5.arcot.com,https://secure5.arcot.com/acspage/cap,,**meme987654A,
sendbird.com,https://sendbird.com/products/ai-chatbot/integrations/claude,mohamedaminradyofficial@hotmail.com,8!3iCTsn7r#qR9gp,
seoudi,https://seoudi/,m7mdamienrady@gmail.com,xkx8#Gma9Mt&RiCK,
serper.dev,https://serper.dev/signup,m7mdamienrady@gmail.com,tkfcPCj7m$xqFePc,
serper.dev,https://serper.dev/signup,mohamedaminradyofficial@hotmail.com,nd8#qab7&@PMaQYq,
shahid.mbc.net,https://shahid.mbc.net/,01010687048,**01000507113A,
shahid.mbc.net,https://shahid.mbc.net/ar/widgets.html,m7mdamienrady@hotmail.com,amramin1980,
shopandship.com,https://shopandship.com/,m7mdamienrady@hotmail.com,**meme987654A,
signup.live.com,https://signup.live.com/,mohamedaminradyofficial@outlook.com,coexmeme8097A,
signup.live.com,https://signup.live.com/?lic=1,sinabatatos@hotmail.com,zqG5TrHzSt?x@S6&,
signup.live.com,https://signup.live.com/signup,amin.rady.mohamed.ahmed@hotmail.co,mVHg4L6jjZSt/!6,
signup.live.com,https://signup.live.com/signup?contextid=DD597022D883E592&opid=8B54A805CBCFCE05&bk=1745931814&sru=https://login.live.com/oauth20_authorize.srf%3fclient_id%3d0cbbf473-ef15-4bbe-8b7b-24f2ab1be1ee%26client_id%3d0cbbf473-ef15-4bbe-8b7b-24f2ab1be1ee%26contextid%3dDD597022D883E592%26opid%3d8B54A805CBCFCE05%26mkt%3dEN-US%26lc%3d1033%26bk%3d1745931814%26uaid%3df05f699616efe57bad0871943679e8cf&uiflavor=web&fluent=2&client_id=000000004C5A5B0D&lic=1&mkt=EN-US&lc=1033&uaid=f05f699616efe57bad0871943679e8cf,sinsweatpants@hotmail.com,H&7TgsC$Y7sNDRmn,
signup.live.com,https://signup.live.com/signup?sru=https%3a%2f%2flogin.live.com%2foauth20_authorize.srf%3flc%3d1033%26client_id%3d51483342-085c-4d86-bf88-cf50c7252078%26mkt%3dEN-US%26opid%3dFE72CC552D9526B0%26opidt%3d1754990499%26uaid%3dc6e2ce09ded4429ea09a258cd2b190cb%26contextid%3d3CD3B20F26E07858%26opignore%3d1&mkt=EN-US&uiflavor=web&lw=1&fl=easi2&client_id=51483342-085c-4d86-bf88-cf50c7252078&uaid=c6e2ce09ded4429ea09a258cd2b190cb&suc=d7304df8-741f-47d3-9bc2-df0e24e2071f&fluent=2&lic=1,aminofradiof,k6K3zg$MRCn&pDts,
signup.live.com,https://signup.live.com/signup?sru=https%3a%2f%2flogin.live.com%2foauth20_authorize.srf%3flc%3d1033%26username%3daminiofradyshiof%2540outlook.com%26client_id%3d9199bf20-a13f-4107-85dc-02114787ef48%26cobrandid%3dab0455a0-8d03-46b9-b18b-df2f57b9e44c%26mkt%3dEN-US%26opid%3dDCD13830A6D6E8EB%26opidt%3d1754991131%26uaid%3d1ab4d53b86ae7afba9889a7817d2380f%26contextid%3d00C955EE81DF6DA1%26opignore%3d1&mkt=EN-US&uiflavor=web&username=aminiofradyshiof%40outlook.com&lw=1&fl=dob%2cflname%2cwld&cobrandid=ab0455a0-8d03-46b9-b18b-df2f57b9e44c&client_id=9199bf20-a13f-4107-85dc-02114787ef48&uaid=1ab4d53b86ae7afba9889a7817d2380f&suc=9199bf20-a13f-4107-85dc-02114787ef48&fluent=2&lic=1,aminiofradyshiof,33Ea?p5L!?SmN6#X,
site-ma.spicevids.com,https://site-ma.spicevids.com/login,SPICE_1710812500488,**meme8097A,
snazzymaps.com,https://snazzymaps.com/style/287755/grayscale-style,m7mdamienrady@gmail.com,@5Q3ykyNE4#dKREB,
sniffies.com,https://sniffies.com/map/account/register,menot_for_hire@hotmail.com,3T9Y9#YptJxtc6aF,
soundraw.io,https://soundraw.io/users/sign_up?redirect_back_to=edit_music,mohamedaminradyofficial@hotmail.com,RcaEFrXd$bdS@5L5,
speechtext.ai,https://speechtext.ai/signup,mohamedaminradyofficial@hotmail.com,C@!yEyr5cy#Bna7R,
speed.btt.network,https://speed.btt.network/gui/index.html,m7mdamienrady@gmail.com,5GoLKnAB!J!E9YzK,
spinneys-egypt.com,https://spinneys-egypt.com/,,**meme8097A,
sso.neuronation.com,https://sso.neuronation.com/opxp/login/,hzrx8a5qun@privaterelay.appleid.com,**meme8097A,
sso.redhat.com,https://sso.redhat.com/auth/realms/redhat-external/login-actions/registration?client_id=crtoolchain-public&tab_id=FhyKfViCKfk&client_data=eyJydSI6Imh0dHBzOi8vd29ya3NwYWNlcy5vcGVuc2hpZnQuY29tLyNodHRwczovL3JlZ2lzdHJ5LmRldmZpbGUuaW8vZGV2ZmlsZXMvbm9kZWpzLXJlYWN0LzIuMi4xJnN0b3JhZ2VUeXBlPWVwaGVtZXJhbCIsInJ0IjoiY29kZSIsInJtIjoiZnJhZ21lbnQiLCJzdCI6ImRiMWUxM2UwLTRjZmYtNGVkNS04NjM3LTM5M2VkYzFjNDRlNSJ9,mohamedaminradyofficial@hotmail.com,r74fi8Pkf$or?YkC,
stackblitz.com,https://stackblitz.com/register?redirect_to=/oauth/authorize?response_type=code&client_id=bolt&redirect_uri=https%3A%2F%2Fbolt.new%2Foauth&scope=public&code_challenge=Gt53jbG6LjxUxiBAAXh7YBxGhVWPp7f8WAUVCLeENt8&code_challenge_method=S256,mohamedaminradyofficial@hotmail.com,s6D4EyNr!LnTGMNx,
stackblitz.com,https://stackblitz.com/sign_in,xitebem214@cotasen.com,EbkP7?MRdFB!xdiK,
starz.parsifal.com,android://YGSUmSNNeCC-LTOH_aiwlIgiX1d8gq6nHPvh0xkOIFuirN-Rvm-nepLduNDrutA2Ih5g-tkmN6BwEe872DlLlQ==@com.parsifal.starz/,201224960000,950137,
starz.parsifal.com,android://YGSUmSNNeCC-LTOH_aiwlIgiX1d8gq6nHPvh0xkOIFuirN-Rvm-nepLduNDrutA2Ih5g-tkmN6BwEe872DlLlQ==@com.parsifal.starz/,m7mdamienrady@hotmail.com,amrandmohamed1980,
starzplay.com,https://starzplay.com/login,amrelshamyps@gmail.com,amrelshamyps,
starzplay.com,https://starzplay.com/settings,clockworktemptation@gmail.com,aminrady1980,
starzplay.com,https://starzplay.com/signup,201000008097,aminrady1980,
stream.osn.com,https://stream.osn.com/secure/signin,m7mdamienrady@gmail.com,cocododo,
studio.ai21.com,https://studio.ai21.com/auth,mohamedaminradyofficial@hotmail.com,eaNd?Bc$NFq3FCjM,
studio.picsart.com,android://s-ufz0kKUpUSqHkCxu9V1mu5AuF8d3Jp-4ss0CYxfjeJK9U0RDh83d-w9F5i443h--q36tB1epb6OD53dxMZjA==@com.picsart.studio/,m7mdamienrady,**meme8097A,
subscribe.jawwy.tv,https://subscribe.jawwy.tv/,,325722,
supabase.com,https://supabase.com/dashboard/new/wlcczhaffdxioklvakqu?projectName=sinsweatpants%27s%20Project,supabase.com,krYYhBemaqBA8@s$,
support.pornhubpremium.com,https://support.pornhubpremium.com/access/,zeuspandor,**meme987654A,
talabat.com,android://0M9lKecz68AgUX7076qH-YzVMh9Rx0UDEfRfkUQdpUWlTtm63RvM0q9aS8MVerrDst9F3W8laW29H_eoKnqBuA==@com.talabat/,menot_for_hire@hotmail.com,amrandmohamed1980,
tavily.us.auth0.com,https://tavily.us.auth0.com/u/signup/identifier?state=hKFo2SBQRlU4WkRGSnhYaWZRUTM0V3docXREU19oMGlfR21fZqFur3VuaXZlcnNhbC1sb2dpbqN0aWTZIDQ4QTBFVmoxVjdvWk1HLVJTbThyTHl5VW1JNF9RcU53o2NpZNkgUlJJQXZ2WE5GeHBmVFdJb3pYMW1YcUxueVVtWVNUclE,menot_for_hire@hotmail.com,YK7qrQ&mm#CEs#ro,
tazkarti.com,https://tazkarti.com/#/login,10399602820069,50mzSe6F,
tera-vip.com,https://tera-vip.com/index.php,m7mdamienrady@gmail.com,L8Go9q#f#y?9FjEA,
thefreshpackegypt.com,https://thefreshpackegypt.com/checkouts/cn/Z2NwLWV1cm9wZS13ZXN0MTowMUpGUVdQMFI2TjNDWDlEUlpHUTFZNFZENA,m7mdamienrady@gmail.com,z&&8xhsX5aC@CP!#,
thescriptlab.com,https://thescriptlab.com/property/birdman/,mohamedaminradyofficial@hotmail.com,!GnRoRn@ALsq3m&3,
twitter.com,https://twitter.com/,AmienRady,Mohammedamienradyjeepredataherfriendlyfire2013A,
twitter.com,https://twitter.com/,amienrady,Mohammedamienradyjeepredataherfriendlyfire2013A,
uber.com,https://uber.com/,m7mdamienrady@hotmail.com,**meme987654,
ubercab.com,android://Shg5AqE0yiBVoWVMV51WRUoAJtX6xQnbrT5QYgfQUf2nF0hkeRVts5gas95hoePVkFLqkEuGY-tOaVB7XU9qbg==@com.ubercab/,1000008097,**meme987654,
ui.infermatic.ai,https://ui.infermatic.ai/public/auth/signup,mohamedaminradyofficial@hotmail.com,SShgMXzx$38baRFq,
undressai.tools,https://undressai.tools/undress-man/,aminofradiof@gmail.com,HAb&dg!y6f$!RH#P,
undresser.ai,https://undresser.ai/auth/?selected=sign-up,mohamedaminradyofficial@hotmail.com,X#k4SP9feJaYQ$X3,
unlockd.me,https://unlockd.me/auth/login,m7mdamienrady@gmail.com,7o?$6b&@X&FotENn,
us-east-1.signin.aws,https://us-east-1.signin.aws/platform/signup?state=eyJzdGVwSWQiOiJnZXQtdmVyaWZpZWQtdXNlcm5hbWUiLCJ3b3JrZmxvd1N0YXRlSGFuZGxlIjoiNWM2NWNiOGYtODFhOC00MWZhLTk1NjItNzFiN2I4NGEyODM4In0=&registrationCode=e485eef3-2a07-42f2-9e79-7cf0cbe1ca7e,m7mdamienrady@hotmail.com,H#eg4pCNenoCLKh3,
us-east-1.signin.aws,https://us-east-1.signin.aws/platform/signup?state=eyJzdGVwSWQiOiJnZXQtdmVyaWZpZWQtdXNlcm5hbWUiLCJ3b3JrZmxvd1N0YXRlSGFuZGxlIjoiYThmMTE2YWItZjk5MS00YzZlLWFmMWYtN2FlOTUyZTJiMDVhIn0=&registrationCode=6533a098-1f04-4a98-86d7-418ff02a6f38,mohamedaminradyofficial@hotmail.com,K!EB6ocK#fLctGnH,
us04web.zoom.us,https://us04web.zoom.us/activate,not,123zxcqweA,
us05web.zoom.us,https://us05web.zoom.us/signin,not,123zxcqweA,
utweb.trontv.com,https://utweb.trontv.com/gui/index.html,m7mdamienrady@gmail.com,s$s9RCFs8JK?8&NN,
valu.com.eg,https://valu.com.eg/,m7mdamienrady@gmail.com,az4@exAra@@37Gx6,
vault.bitwarden.com,https://vault.bitwarden.com/#/finish-signup?token=BwRegistrationEmailVerificationToken_CfDJ8HoJgcF86NdAl5YgsRnw07bp7f_66unTnbZoaVJiIBXPMiAzS7MS1DpxdDWV0MhfxbFEZkqIwD6rQycknzaqy_1AWB1LkHoB4z6fLFYK97K4H5QnlruMlDEWrQ-uchx9Ze-Wf5NzsjuEqIbXwqKSo9cZAzLPZm8KER3PPIy8En-ey_i9--1DRqMWFB4xQwlyTbILY5Jy9PqG6zMmttUjPr5_IQDNUzs_j7cxzPeamZFwmuwq_oplpVGDC0LbfG0m449-ilWgUGpBCaEqyC8F9kL6DXk-r9q5yn9IKGZyyn0FyX0uFWqv_bgIRfOZHOg32B-85HU7mN-_bBW0lwT4c74&email=m7mdamienrady@gmail.com&fromEmail=true,m7mdamienrady@gmail.com,4aKrMGPKgq35FJ@g,
vcheckout.paymobsolutions.com,https://vcheckout.paymobsolutions.com/checkout/eyJ0eXAiOiJKV1QiLCJhbGciOiJIUzI1NiJ9.eyJleHAiOjE2NzEyMDk1ODIsImlkIjoxODA0MTM1NzE0fQ.nGxIysj8D3ItWDg5rLhkt8ZFN6MXzBUcLQcIHowkRdQ/,,184190,
vidow.io,https://vidow.io/,m7mdamienrady@gmail.com,**meme8097A,
voyageai.us.auth0.com,https://voyageai.us.auth0.com/u/signup?state=hKFo2SBOSDhaS0FpMkxGcVN6N2hTSFpEMV9SR1BKTUJCVjJiN6Fur3VuaXZlcnNhbC1sb2dpbqN0aWTZIGxXOEhlUG1pNUc5OFRpSGNjWk5OYmF3aGQ3MG1xM0xIo2NpZNkgUkV6ZkZyQURCY1JHQWJjbDRMWmIwY0hieFRydVYzUXA,sinsweatpants@hotmail.com,t#NYds@e4fdQegG5,
vtube.network,https://vtube.network/?op=registration,mohamedaminradyofficial@hotmail.com,LRXoge!JqqJ3gFja,
wattpad.wp,android://YevItDWE_sxqpOZYqm1Ics63k0Glc6Z2YT636m6cJZ9ObJxmJN3vW-vAQk3YYLK8hT4o7raRfFW4bePOnmN7lw==@wp.wattpad/,m7mdamienrady@gmail.com,"fB5#D,eQZ2Dw,MV",
web.vodafone.com.eg,https://web.vodafone.com.eg/,01017236568,**meme8097A,
web.vodafone.com.eg,https://web.vodafone.com.eg/auth/realms/vf-realm/protocol/openid-connect/auth,01000008097,**meme8097A,
wehomeinternet.te.com,android://HziIvUPWUI95j9O4GlBTuA4kuPbvyXNQF3g8xO95KD17M4yxBmsR2um8bJjQXlbgAd1HRntZozBCvXfrBpokRA==@com.te.wehomeinternet/,clockworktemptation@gmail.com,**meme987654,
windsurf.com,https://windsurf.com/account/register,aminiofradyshiof@gmail.com,?6e!DFnea#T9D5CQ,
windsurf.com,https://windsurf.com/account/register,bedoli4426@agiuse.com,Js6g&bo#pYqL?9n6,
windsurf.com,https://windsurf.com/account/register,fegenis462@cxnlab.com,aGp#6RBSS4@be@nP,
windsurf.com,https://windsurf.com/account/register,m7mdamienrady@hotmail.com,AY7SdiCcfaK!FQNk,
windsurf.com,https://windsurf.com/account/register,m7mdamienrady@hotmail.com,ztiRYKh&KrYB6Dat,
windsurf.com,https://windsurf.com/account/register,oft94638@jioso.com,TJ7of!S9$3dHiRpg,
windsurf.com,https://windsurf.com/account/register,tebowod156@lushosa.com,pj#9#rg4kKB&BQi$,
windsurf.com,https://windsurf.com/account/register,xebeyo5560@agiuse.com,54DyL8cCTQAe#Xn#,
windsurf.com,https://windsurf.com/account/register,xebeyo5560@agiuse.com,@8mNxaqL#pScFgjS,
windsurf.com,https://windsurf.com/account/reset,,"89iN_GqL,T9h4aq",
windsurf.com,https://windsurf.com/account/reset?oobCode=TgfzYSHMZCRuVgOvQzKW8AUpl4sWBh9B_YvKy0dN0doAAAGWGRuJew,menot_for_hire@hotmail.com,z&9#3nK7p7E$rrns,
workshop.castingwords.com,https://workshop.castingwords.com/worker/login,mohamedaminradyofficial@hotmail.com,fBx&BYR7e87gykJc,
www.abjjad.com,https://www.abjjad.com/resetpassword/429850626/c849d422-e790-4a9a-acee-302fda6c1d8c,mohamedaminradyofficial@hotmail.com,9Y7seEFC4MqNF?9d,
www.abjjad.com,https://www.abjjad.com/resetpassword/429850626/c849d422-e790-4a9a-acee-302fda6c1d8c,mohamedaminradyofficial@hotmail.com,H@&FNg8fH74fgT7n,
www.academia.edu,https://www.academia.edu/enter_password,m7mdamienrady@gmail.com,**olame1979AS,
www.amazon.com,https://www.amazon.com/ap/signin,m7mdamienrady@hotmail.com,**meme987654,
www.amazon.eg,https://www.amazon.eg/,m7mdamienrady@hotmail.com,**meme987654,
www.arabculturefund.org,https://www.arabculturefund.org/ar/Register,m7mdamienrady@gmail.com,BT7#Y95K@3JbNhbF,
www.astro.com,https://www.astro.com/cgi/ade.cgi,mohamedaminradyofficial@hotmail.com,@5KGDF?&MjadmG$c,
www.autocoder.cc,https://www.autocoder.cc/platform,cobeh38256@7tul.com,**MEME8097aa,
www.booking.com,https://www.booking.com/index.html,m7mdamienrady@hotmail.com,**meme987654,
www.boyfriendtv.com,https://www.boyfriendtv.com/videos/808442/bo-dean-x-giovanni-summers/,clockworktemptation@gmail.com,metheyyou11A,
www.bypassgpt.ai,https://www.bypassgpt.ai/sign-up,mohamedaminradyofficial@hotmail.com,$T$iycLTTD#954@p,
www.carddelivery.com,https://www.carddelivery.com/reset-password,m7mdamienrady@gmail.com,**meme8097A,
www.celtx.com,https://www.celtx.com/get-started/,mohamedaminradyofficial@hotmail.com,?7g?5mrsqK7Mk6ML,
www.chatx.ai,https://www.chatx.ai/,mohamedaminradyofficial@hotmail.com,M3p9GA?zN6j!Ap?L,
www.clubinfernodungeon.com,https://www.clubinfernodungeon.com/en/login/index/aHR0cCUzQSUyRiUyRm1lbWJlcnMuY2x1YmluZmVybm9kdW5nZW9uLmNvbSUyRmVuJTJGQVNTYXVsdCUyRmZpbG0lMkY3NzgyOQ==,sabrykar,meme987654,
www.cockatoo.com,https://www.cockatoo.com/signup,mohamedaminradyofficial@hotmail.com,kKR##d6fMmN@6qTh,
www.computop-paygate.com,https://www.computop-paygate.com/payssl.aspx,5203780275327014,131,
www.dailymotion.com,https://www.dailymotion.com/signin,menot_for_hire@hotmail.com,**meme8097A,
www.dailymotion.com,https://www.dailymotion.com/signup?urlback=%2Feg,clockworktemptation@gmail.com,clockworktemptation**1,
www.dashlane.com,https://www.dashlane.com/,m7mdamienrady@gmail.com,**MEME8097,
www.deepl.com,https://www.deepl.com/en/signup/?cta=free-doctrans-signup,mohamedaminradyofficial@hotmail.com,dS9Lf6FrdDka&CKA,
www.deepmotion.com,https://www.deepmotion.com/,mohamedaminradyofficial@hotmail.com,K3Je!&cKHoC&MF9o,
www.disruptivefilms.com,https://www.disruptivefilms.com/en/login/index/aHR0cHMlM0ElMkYlMkZtZW1iZXJzLmRpc3J1cHRpdmVmaWxtcy5jb20lMkZlbg==,m7mdamienrady@gmail.com,z$XEmH$GC!@k5o4Q,
www.drinkies.net,https://www.drinkies.net/_ui/system/security/ChangePassword,,**meme8097A,
www.egygamer.com,https://www.egygamer.com/en/customer/account/login/referer/aHR0cHM6Ly93d3cuZWd5Z2FtZXIuY29tL2VuL2N1c3RvbWVyL2FjY291bnQvaW5kZXgv/,m7mdamienrady@gmail.com,**meme8097A,
www.egypt.kfc.me,https://www.egypt.kfc.me/registration/login.aspx?returnurl=https://www.egypt.kfc.me,m7mdamienrady@gmail.com,**meme8097A,
www.etisalat.eg,https://www.etisalat.eg/LoginApp/index.jsp,mohamed amin rady,0859e#7042,
www.facebook.com,https://www.facebook.com/,m7mdamienrady@gmail.com,**meme8097A,
www.facebook.com,https://www.facebook.com/,mohamedaminradyofficial@hotmail.com,**olame1979A,
www.firecrawl.dev,https://www.firecrawl.dev/app/logs,kihige3199@ofacer.com,kihige3199@ofacer.com,
www.firecrawl.dev,https://www.firecrawl.dev/signin/signup,kotobat918@jxbav.com,8GarfQ!padDnjzNN,
www.firecrawl.dev,https://www.firecrawl.dev/signin/signup,loxofo2536@jxbav.com,8B?c4ype6ccj8ECa,
www.flexjobs.com,https://www.flexjobs.com/registration/signup,mohamedaminradyofficial@hotmail.com,Menna Ebaid,
www.flirt4free.com,https://www.flirt4free.com/videos/guys/webcam/4036771-straight-dude-sucks-bryan.php,menot_for_hire@hotmail.com,$P!j$8ze#4yqDzJY,
www.freediscussions.com,https://www.freediscussions.com/signup?utm_medium=Blind_Networks&utm_source=easyaffiliate&utm_campaign=1140&utm_content=Text_Link_14Days_10GB_SignupPage&emid=666a270736a3c2a5e3067024&trs=666a270736a3c2a5e3067023&ext_publisher_id=1140,mohamedaminradyofficial@hotmail.com,5jRrRX5i$G95&#5?,
www.gay-torrents.net,https://www.gay-torrents.net/register.php?s=c0a678db7fae4cbec7e3ec1e4fa7da83,m7mdamienrady@gmail.com,KhYz493JJc#B4dD$,
www.gaytor.rent,https://www.gaytor.rent/login.php,zeuspandora,8f@YqzxfM8FmpDQ!,
www.gaytorrent.ru,https://www.gaytorrent.ru/login.php,zeuspandora,8f@YqzxfM8FmpDQ!,
www.getflix.com.au,https://www.getflix.com.au/reset-password,m7mdamienrady@gmail.com,**meme8097A,
www.gmail.com,https://www.gmail.com/,aminiofradyshiof@gmail.com,yy6Fmxx$q6q#!Gai,
www.gourmetegypt.com,https://www.gourmetegypt.com/customer/account/createpassword/,m7mdamienrady@hotmail.com,**sonysonyA,
www.gptguider.com,https://www.gptguider.com/auth/login,mohamedaminradyofficial@hotmail.com,01478963,
www.greenpanthera.com,https://www.greenpanthera.com/en/,m7mdamienrady@gmail.com,&Yp3MSFSXE8b6K59,
www.grindr.com,https://www.grindr.com/reset-password/,,$2*sLX*US%u#pk?,
www.grindr.com,https://www.grindr.com/reset-password/?&resetToken=sHiDfwdyWrpDLQ7rmQSvEyvHBKtrScnBbyRNkucLQnn1I18znBJ04PG4K0FVZU4Gi7P8hPffXDMBeMBKC0nfk6IMVfg3QK478UVN33bWcYR0gEeNVPeOD2pnBivhSglY&email=mohamedaminradyofficial%40hotmail.com,mohamedaminradyofficial@hotmail.com,8qe$JSh573KqN5DL,
www.hedra.com,https://www.hedra.com/sign-up,mohamedaminradyofficial@hotmail.com,7zG$8HN6h#Tx&5cK,
www.hsbc.com.eg,https://www.hsbc.com.eg/1/2/!ut/p/b1/jY7LDoIwFES_xS_o0Baoywq0BSqaVIx0Y1gYQ8JjY_x-0RDcuHB2N3POzRBPGhYyyjlnIBfix_bZ3dtHN41t_759dIVmdVUHcCm0ObiU77FkBpoZSLQ0PLaACEWAXJo6jlxKIdnHLw9lBiOogVMKuZ1_cJsBx3DxV0CfZDIDNGU5HE0Q_OcDZ7vdISwEoqCsChWtA_2PuvzWlZmGGxl8r5SQmxcFUEq4/,,391870,
www.ibm.com,https://www.ibm.com/account/reg/us-en/reset-password?formid=urx-19776&target=https%3A%2F%2Flogin.ibm.com%2Foidc%2Fendpoint%2Fdefault%2Fauthorize%3FqsId%3D1ddecf7f-591e-4134-8ef2-7eb81cc37231%26client_id%3DOGY3NzY3YmEtMzNiMi00,mohamedaminradyofficial@hotmail.com,x8dXrmHdxCY?Y38n,
www.ieee.org,https://www.ieee.org/profile/public/createwebaccount/showRegister.html,mohamedaminradyofficial@hotmail.com,7e@Y7syk4$L#Ez#P,
www.imagetranslate.com,https://www.imagetranslate.com/user/signup,m7mdamienrady@gmail.com,Pj@XMz$Rp3rn3T3P,
www.imdb.com,https://www.imdb.com/,m7mdamienrady@hotmail.com,**meme987654,
www.instagram.com,https://www.instagram.com/,m7mdamienrady@hotmail.com,**meme987654,
www.instagram.com,https://www.instagram.com/,mohamedaminradyofficial,bFF8$8fbyE$pArRo,
www.instagram.com,https://www.instagram.com/accounts/login/,m7mdamienrady,**meme987654,
www.itoucheg.com,https://www.itoucheg.com/,m7mdamienrady@gmail.com,D5R$@rhfpBxha9@H,
www.jawabkom.com,https://www.jawabkom.com/register,m7mdamienrady@gmail.com,j#M6NS7t4gpTD&!9,
www.jumia.com.ng,https://www.jumia.com.ng/customer/account/login/,m7mdamienrady@hotmail.com,**meme8097A,
www.kaggle.com,https://www.kaggle.com/,mohamedaminradyofficial@hotmail.com,8#rMA@H6x&GS@e7&,
www.kaggle.com,https://www.kaggle.com/account/login?phase=emailRegister,mohamedaminradi,dY7m6H?7hhfF6Bfm,
www.kaiber.ai,https://www.kaiber.ai/,m7mdamienrady@gmail.com,To#Fb8d6ArhMXYb@,
www.lefties.com,https://www.lefties.com/eg/%D8%A7%D9%84%D9%86%D8%B3%D8%A7%D8%A1/%D8%A7%D9%84%D8%A8%D9%8A%D8%AC%D8%A7%D9%85%D8%A7%D8%AA-%7C%D8%A7%D9%84%D9%85%D9%84%D8%A7%D8%A8%D8%B3-%D8%A7%D9%84%D8%AF%D8%A7%D8%AE%D9%84%D9%8A%D8%A9/%D8%AC%D9%88%D8%A7%D8%B1%D8%A8/%D8%AD%D8%B2%D9%85%D8%A9-%D9%85%D9%86-7-%D8%A3%D8%B2%D9%88%D8%A7%D8%AC-%D8%AC%D9%88%D8%A7%D8%B1%D8%A8-%D8%B3%D8%A7%D8%AF%D8%A9-%D8%B7%D9%88%D9%8A%D9%84%D8%A9-c1030485547p632385874.html,mohamedaminradyofficial@hotmail.com,LzWz%!2_9Xnp8wx,
www.lumosity.com,https://www.lumosity.com/authentication,m7mdamienrady@hotmail.com,**meme8097A,
www.mcdelivery.eg,https://www.mcdelivery.eg/m/eg/jsp/sys/customerLogin.do,,**meme987654A,
www.metro-markets.com,https://www.metro-markets.com/login,mohamedaminradyofficial@hotmail.com,xCA?@gn7EqDB$!ty,
www.modernmt.com,https://www.modernmt.com/license/buy?plan=hitl,mohamedaminradyofficial@hotmail.com,E3j4mE!Q@#Qp4MDd,
www.netflix.com,https://www.netflix.com/eg-en/Login,m7mdamienrady@hotmail.com,lastdayst7t,
www.netflix.com,https://www.netflix.com/eg-en/login,Ahmed.w.wael.190@gmail.com,1qwertyuiop,
www.nolanai.app,https://www.nolanai.app/login,mohamedaminradyofficial@hotmail.com,5Xd!bPdX?xx7hKTm,
www.nolanai.app,https://www.nolanai.app/login?utm=/pricing,sinsweatpants@hotmail.com,JA$oJEBCbz8RC8a&,
www.nutaku.net,https://www.nutaku.net/signup/landing/tgp/31-cockville/,m7mdamienrady@gmail.com,AA11AAgg**,
www.okcoin.com,https://www.okcoin.com/account/login,m7mdamienrady@gmail.com,a7Mcb#A5ofj$kPS5,
www.orange.eg,https://www.orange.eg/ar/myaccount/account-login,01000008097,v2yv2mk2,
www.orange.eg,https://www.orange.eg/ar/myaccount/account-login?ReturnUrl=https%3a%2f%2fshop.orange.eg%2far%2fcart,01200100027,ya5d7qbe,
www.otlob.com,https://www.otlob.com/egypt,menot_for_hire@hotmail.com,amrandmohamed1980,
www.paypal.com,https://www.paypal.com/authflow/password-recovery/change/,,**meme8097A,
www.paypal.com,https://www.paypal.com/authflow/password-recovery/change/?anw_sid=AAHwzfcV0Jy7p5Dj8Bc8poQKrDFHjWgUEax1M5h63l5Q2QkTZi7citzTtlEgnkXd4hZPywvmygu5575lLHPwhu6gI5EZXIBd-vwgUeSkqRiSKR0T9N7wGZGfQb1IDXewAkw7clzEyR_Hj25gqBu4Q7sMbnMCpqJuiwSSVWN74MvF_uQhhh083-VeAWTLWuW6F0hGzip1zTmMivZ7Y9dzZKf0laMRQf6jKflyn3MQFOUE0nHaaQ&clientInstanceId=c3762790-456a-405f-8e9e-a262ea28343f&contextId=EC-3T878268TV888420Y&country.x=EG&locale.x=ar_EG&redirectUri=%252Fsignin%253Fintent%253Dcheckout%2526ctxId%253Dxo_ctx_EC-3T878268TV888420Y%2526returnUri%253D%25252Fwebapps%25252Fhermes%2526state%253D%25253Fflow%25253D1-P%252526ulReturn%25253Dtrue%252526token%25253DEC-3T878268TV888420Y%252526rcache%25253D1%252526cookieBannerVariant%25253Dhidden%252526targetService4174%25253Dhermesnodeweb%2526locale.x%253Dar_EG%2526country.x%253DEG%2526flowId%253DEC-3T878268TV888420Y%2526sso%253Dtrue,mohamedaminradyofficial@outlook.com,coexmeme8097A,
www.paypal.com,https://www.paypal.com/checkoutweb/signup,amrelshamieps@gmail.com,nri7Ne9AyRHdz3q&,
www.paypal.com,https://www.paypal.com/eg/welcome/signup/#/password,mohamed.a.rady.ahmed@gmail.com,F9gS6Hox#M@EG#4x,
www.paypal.com,https://www.paypal.com/webscr,mohamedaminradyofficial@hotmail.com,cuDgo6sozmowwejfex,
www.pcgamesupply.com,https://www.pcgamesupply.com/buygames/sony-playstation-network-cards/US-Region/,m7mdamienrady@gmail.com,SFdQ!tFbRxGcD#6J,
www.perlego.com,https://www.perlego.com/sign-up,m7mdamienrady@hotmail.com,bea3nmFEE@&@P!X@,
www.planetromeo.com,https://www.planetromeo.com/main/login.php,THEZEUSPANDORA,**meme987654,
www.plansm.com,https://www.plansm.com/en/inscription#form,mohamedaminradyofficial@hotmail.com,569FkYfa@M5?me7N,
www.pornhub.com,https://www.pornhub.com/,zeuspandora,cmYf9xEH&Kz4GGk&,
www.pornhub.com,https://www.pornhub.com/login,Zeuspandor,kilanycoco,
www.pornhub.com,https://www.pornhub.com/login,mindcoco,ff8fTDmH9t$j#Coy,
www.pornhub.com,https://www.pornhub.com/login,zeuspandor,CL9PHAXa#6bRegmC,
www.pornhubpremium.com,https://www.pornhubpremium.com/premium/login,clockworktemptation@gmail.com,**meme8097A,
www.pornhubpremium.com,https://www.pornhubpremium.com/premium/login,loveyouuntildeath,amraminrady1980,
www.pornhubpremium.com,https://www.pornhubpremium.com/premium/login,zeuspando,**meme8097Aaamr,
www.porntrex.com,https://www.porntrex.com/signup/,menot_for_hire,#zLMgBa#5ipXN6b@,
www.purplegarden.co,https://www.purplegarden.co/en/tarot_readings,m7mdamienrady@gmail.com,Q6kco6sYG$PN#EK!,
www.reddit.com,https://www.reddit.com/login/,Brief-Garage-3076,An4DafLe@Tb?6C5D,
www.redtubepremium.com,https://www.redtubepremium.com/account/login,zeuspando,shisha1980A,
www.redtubepremium.com,https://www.redtubepremium.com/account/password_reset,,**meme8097A,
www.rewity.com,https://www.rewity.com/forum/t420410.html,سشهي,Sy@eKxdPrBM36#5z,
www.scriptcase.net,https://www.scriptcase.net/user-registration/,mohamedaminradyofficial@hotmail.com,?#CfYnES9Rom4!bc,
www.shopandship.com,https://www.shopandship.com/en/login,m7mdamienrady@hotmail.com,**meme987654A,
www.sketch.com,https://www.sketch.com/signup,m7mdamienrady@gmail.com,5XoB5zMQ9m5&3LqL,
www.slated.com,https://www.slated.com/accounts/social/signup?next=%2Fanalysis%2Fnofilm%2F,mohamedaminradyofficial@gmail.com,?9&qtfYYHcaqc7gR,
www.smarterasp.net,https://www.smarterasp.net/secured_signup?plantype=&affiliate=&dealcode=,mohamed.a.rady.ahmed@gmail.com,**meme8097A,
www.spotify.com,https://www.spotify.com/eg-ar/account/change-password/,mohamedaminradyofficial@hotmail.com,coexmeme8097A,
www.spotify.com,https://www.spotify.com/eg-ar/account/profile/,m7mdamienrady@hotmail.com,amrandmohamed1980,
www.squibler.io,https://www.squibler.io/auth/signup,m7mdamienrady@icloud.com,Bdf7H@!hF#CaymYn,
www.squibler.io,https://www.squibler.io/onboarding/registration,aminiofradyshiof@yahoo.com,&Qay@NH3q9h&Ep#p,
www.squibler.io,https://www.squibler.io/onboarding/registration,defefe3044@bariswc.com,MEg?$Y3GCyop77XC,
www.stealthgpt.ai,https://www.stealthgpt.ai/signin,otaifygpt@gmail.com,Otaifytsos287@,
www.swagbucks.com,https://www.swagbucks.com/p/login,m7mdamienrady@gmail.com,YQhYk6@5pnHK@Tmz,
www.talabat.com,https://www.talabat.com/egypt,menot_for_hire@hotmail.com,$S@n&cRgqR?yB98i,
www.talkform.ai,https://www.talkform.ai/auth#,mohamedaminradyofficial@hotmail.com,x&8r!7erPH6QE!E&,
www.theblowers.com,https://www.theblowers.com/inscription#form,mohamedaminradyofficial@hotmail.com,H869#m5a&azFrMHN,
www.thesisai.io,https://www.thesisai.io/account/signup/,mohamedaminradyofficial@hotmail.com,f3n&Y?jDaR$r6#aJ,
www.ticketsmarche.com,https://www.ticketsmarche.com/se_877_hesham-el-gakh.html,**meme987654,87806408,
www.tumblr.com,https://www.tumblr.com/reactivate/4172b348eaa5a621070ce1f5b0db064241204c2aa18dd9a43750b6436c04e34c/m7mdamienrady@hotmail.com/1653834369,m7mdamienrady@hotmail.com,&S@kyGsB3pTa48@J,
www.tv4-k.com,https://www.tv4-k.com/my-account/,m7mdamienrady@gmail.com,coexme8097A,
www.udemy.com,https://www.udemy.com/join/login-popup/,m7mdamienrady@gmail.com,9qSg4xyJm6&Mx9?g,
www.vdocipher.com,https://www.vdocipher.com/dashboard/register,m7mdamienrady@gmail.com,g4Bf8Fi&YHxeB#cS,
www.victoriamilan.dk,https://www.victoriamilan.dk/landers/escort/,m7mdamienrady@gmail.com,987654A,
www.vtopia.ai,https://www.vtopia.ai/en-US/auth/signup,mohamedaminradyofficial@hotmail.com,Fmq!b5b&c@&yz7&i,
www.watchit.com,https://www.watchit.com/,201200100027@orange.watchit.com,mcj3xUFy,
www.wattpad.com,https://www.wattpad.com/oauth-auth,m7mdamienrady@gmail.com,"fB5#D,eQZ2Dw,MV",
www.wattpad.com,https://www.wattpad.com/oauth-auth,menot_for_hire@hotmail.com,FY$kk!J3enrds7jm,
www.wavo.com,https://www.wavo.com/secure/signin,m7mdamienrady@gmail.com,cocododo,
www.wikidata.org,https://www.wikidata.org/w/index.php,m7mdamienrady@gmail.com,c?XLsDTes@rk97Ty,
www.writerduet.com,https://www.writerduet.com/script/#,mohamedaminradyofficial@hotmail.com,@f?7EGgJ33KbieK&,
www.xnxx.gold,https://www.xnxx.gold/account/email,faruk fucked,3Ak?ypMaz?A!J#4Y,
www.xnxx.gold,https://www.xnxx.gold/account/email,m7mdamienrady@gmail.com,**meme987654A,
www.xvideos.com,https://www.xvideos.com/gay#,menot_for_hire@hotmail.com,metheyyou11A,
www.xvideos.com,https://www.xvideos.com/tags/xvido,m7mdamienrady@gmail.com,io!yB8b&Pxc?3AKy,
www.xvideos.red,https://www.xvideos.red/,m7mdamienrady@gmail.com,io!yB8b&Pxc?3AKy,
www.xvideos.red,https://www.xvideos.red/gay,menot_for_hire@hotmail.com,metheyyou11A,
www.yeschat.ai,https://www.yeschat.ai/,mohamedaminradyofficial@hotmail.com,$kG&NdS?YmKy9&bh,
x.com,https://x.com/i/flow/password_reset?input_flow_data=%7B%22requested_variant%22%3A%22eyJwbGF0Zm9ybSI6IlJ3ZWIifQ%3D%3D%22%7D,amienrady,jC&C&nrR7DM7M@9o,
xhamster.com,https://xhamster.com/videos/get-me-pregnant-please-21-22-cuckolding-and-threesome-creampie-with-facials-compilation-xhlhgp6,megamind12,01149909999,
xiaomi.com,https://xiaomi.com/,m7mdamienrady@gmail.com,**meme8097A,
xiptvstore.com,https://xiptvstore.com/clientarea/register.php,m7mdamienrady@gmail.com,@#mq5kJe!eNig6E4,
xn--mgbkt9eckr.net,https://xn--mgbkt9eckr.net/register/,menot_for_hire@hotmail.com,9rkrFG9$4SNS6m#L,
zapier.com,https://zapier.com/sign-up,mohamedaminradyofficial@hotmail.com,KsN85btf@HKChcdt,
